0.0|0.0,0.561032792876324|-0.0886150868913197,1.0|-0.3521888232180663,0.9798675384814365|-0.6801405643525053,0.5771198054229989|-0.7612833285550459,0.7616962042751366|-0.6968244144760056,0.9194845513952468|-0.9764265944777699,0.8546628244619726|-0.6903485025582216,0.7608659502005928|-0.5869758126764291,0.44040947363091465|-0.7279856485973889,0.5552153753456293|-1.0,0.5227980330177168|-0.630574607445307,0.42166492817222445|-0.5558206433045166,0.10581228243323954|-0.7057830142907551,0.20111453210983637|-0.9246212288285109,0.247316731611252|-0.563591517069513,0.16200680568383302|-0.48805768128087507,-0.25191168400241976|-0.644378390746295,-0.08621564673792934|-0.8279950213920254,-0.016515697201059942|-0.589522180442837,-0.10796602389164081|-0.5059373897318278
0.0|0.0,0.5529568175894751|-0.12721633197781287,0.9851342249385854|-0.39461866883450347,1.0|-0.7117068789188038,0.5856624824948568|-0.7685812226076661,0.6795284414055985|-0.7029034862376184,0.8146997134765822|-0.9716911803609921,0.7826401872447811|-0.7218565380882991,0.73899388775636|-0.6344534169261825,0.4027101139737859|-0.7371726536351623,0.5293208750886721|-1.0,0.5174499031911721|-0.688874503039806,0.44695925583252394|-0.60802344450759,0.12219027253636569|-0.71763398706643,0.24290175236988606|-0.9350361060605024,0.2683494212158711|-0.6287693189676797,0.18104658468948873|-0.5405802739715795,-0.16668586207205444|-0.6627977170487458,-0.013179352056958313|-0.8375877752927606,0.044795037859737895|-0.6304127500673818,-0.037485747411499584|-0.5335471706804223
0.0|0.0,0.5228874205647801|-0.11994959911496625,0.9364175236271285|-0.4073035942355832,1.0|-0.7140688787949396,0.6624244442846383|-0.7796929184019974,0.6071814832197238|-0.7766836480571607,0.8330223421609407|-0.9904875237956111,0.8001988955713091|-0.7551131638843023,0.6902674587163949|-0.6640304530163867,0.34723883365063263|-0.7892133091497084,0.5795385944460635|-1.0,0.5558294995628461|-0.6823375965892879,0.4152649985428203|-0.621150262165894,0.06749391580150563|-0.7611794601235125,0.3346076165081432|-0.9304359934113439,0.3195920417169741|-0.6146927996838475,0.18391950122819434|-0.5219523273519507,-0.23403418316559996|-0.7165957644315326,0.09378914987755906|-0.8553493794662673,0.13270176261974423|-0.649113551026201,0.004298916766650644|-0.5448025529365571
0.0|0.0,0.5060501571497696|-0.12294077830469274,0.9284752144267661|-0.40710508211035057,1.0|-0.6992544552602098,0.6288491729631404|-0.7721931288827495,0.4598772070870903|-0.7941218866776868,0.6685503050517719|-1.0,0.6732662304543612|-0.7498682035854309,0.5858258193926614|-0.6703396415597711,0.19390843028958277|-0.791466468082123,0.4431140252822126|-0.9997695000831721,0.44883057778929164|-0.6558722865334585,0.29457171627974466|-0.6175113074217861,-0.07786171692117227|-0.7521593971215799,0.20745600460333305|-0.9046469351699696,0.2222021144692996|-0.5779288005653271,0.03154690548532719|-0.5434262249351642,-0.36979710336263766|-0.6922685347040431,-0.03189888111356819|-0.8266790863216098,0.04739303260133778|-0.6081536604753821,-0.13361410841870652|-0.5524997736282379
0.0|0.0,0.5510571175333353|-0.13513444538802377,0.9233393754027707|-0.4650087048860298,1.0|-0.7306429588692301,0.6796314310463435|-0.8091256833005525,0.2870976404400627|-0.8693281470693062,0.5960206599092249|-1.0,0.6270526524358673|-0.7754211272790741,0.5048006320934181|-0.6810630961233557,0.028580646406300494|-0.8645128123895389,0.4252551435732141|-0.9859353389038737,0.44444014097618423|-0.6559763039361926,0.26225611905621954|-0.5965526597936934,-0.22429354944535543|-0.818352715821772,0.23293414361751716|-0.9278918628749444,0.21369886358540152|-0.5904762533349174,-0.019649636076074086|-0.5162959573247913,-0.4864217195952493|-0.7559114756358527,-0.02308910380862377|-0.8563404864469252,0.04219079512600963|-0.6224376320949955,-0.14395413898064335|-0.533536325115393
0.0|0.0,0.5576128586426398|-0.1754967205167334,0.9048367420165052|-0.47777598793609743,1.0|-0.7186696850306555,0.7491552047203285|-0.7911976808769718,0.2845976690720142|-0.8721421833171202,0.6368402237903493|-1.0,0.6645042459036|-0.7546944213534965,0.5279286103469814|-0.6545853206226995,0.06059004106366862|-0.8552544086508806,0.47511621416895905|-0.9736700925430604,0.5151393373998325|-0.6837353162788858,0.3384386503475129|-0.6145113056224045,-0.1524165105184122|-0.8048092349348037,0.30614971627529936|-0.886382598746909,0.3268888623104626|-0.6025775255565295,0.11119297266408856|-0.5317026098578594,-0.357607675849513|-0.726122236064707,0.09800901008651278|-0.8138892766405317,0.16524884051615304|-0.6113726284473342,-0.028334595808582174|-0.5323579563374449
0.0|0.0,0.4671701077024948|-0.21090551867905333,0.6811677565692423|-0.5254598813445152,0.7396069486782093|-0.8073466774868997,0.8238393873835811|-1.0,0.5403129843241165|-0.704254111491283,0.6915795040265968|-0.879637987045567,0.8804043281350926|-0.8132369975808854,1.0|-0.7282273257540243,0.291014596667253|-0.7039340329433899,0.3713269340181201|-0.9264303059837706,0.574039885321093|-0.8383518424843035,0.7129397084701437|-0.781350587385303,0.024007113459281325|-0.6691585536360563,0.07738205868974932|-0.8806207362527035,0.21380645551763253|-0.7335207147940613,0.25717731600480803|-0.6232458074598886,-0.26533857049289505|-0.6142306047580551,-0.23261523167497547|-0.8108445133545312,-0.09879107598955891|-0.7310942672491204,-0.027193398739468858|-0.6310306117565571
0.0|0.0,0.5859349506807421|0.029076491322247176,0.7506257216177696|-0.13940098441280604,0.27153510287761434|-0.21742260675984512,-0.338039099653574|-0.25999786855286583,0.7287056116164411|-0.7534926129568303,0.2906274979076641|-1.0,0.02675839711360314|-0.6429340553939428,-0.04952558463563668|-0.4278295947487458,0.24182009844802238|-0.8248301749760212,-0.29568967671276525|-0.9505081922565315,-0.480832768243895|-0.5010132268136049,-0.4370788887946042|-0.3280857631172809,-0.22834503466362932|-0.7764289576828801,-0.6798947486388993|-0.7582362669677006,-0.7535259230708143|-0.37071352166379185,-0.6109623310267128|-0.2838073171790692,-0.597498647372563|-0.6403044811702434,-0.9549094500354145|-0.48720815949539964,-1.0|-0.2188131786586882,-0.8808586951493185|-0.1528389691690119
0.0|0.0,0.6859357144320973|-0.22658619365966298,0.8382423692970394|-0.5975511777230161,0.1142387741300213|-0.7985262441864831,-0.5898952775861245|-0.6778786431553413,1.0|-0.7287631107664455,0.53450394209478|-1.0,0.395012632854791|-0.7360755661768836,0.6208928583627157|-0.6228071400398517,0.37083845267290516|-0.6828892763790995,-0.09771945010729875|-0.9395831801112633,-0.09034247771806435|-0.6623600015764417,0.2231504261209768|-0.5698267496719108,-0.19075122790958213|-0.5975960194225072,-0.5982503325334314|-0.8386469971422338,-0.43781551640514527|-0.5995761916332526,-0.1663394192887932|-0.5389947452975953,-0.656502968159741|-0.504704964891587,-0.8307895217081142|-0.6636728237888785,-0.6122106373614362|-0.5171616476547171,-0.38031748525679|-0.47273733284054015
0.0|0.0,0.40299975979473296|-0.18240622447587865,0.5351584290058109|-0.5072622725202127,0.12347784589011176|-0.7592267987647872,-0.23653054437837087|-0.8126534647241442,1.0|-0.7152165469478857,0.3781087626363991|-1.0,0.26282973745186194|-0.7533592108131894,0.509968120561949|-0.6513759328059705,0.5829324107752859|-0.6934280938523942,0.05401115929589408|-0.9432008611730994,-0.00618881805674934|-0.6756939183276471,0.28223044222645405|-0.6114715845730095,0.2014999794024481|-0.6500362164304694,-0.21640862677216063|-0.8601210950005397,-0.20507400292425534|-0.615249385643332,0.027593356165105994|-0.5454643845219239,-0.14375519043382026|-0.5887063616190316,-0.357424243298681|-0.7352299469560492,-0.30946975931113824|-0.6118936947855877,-0.13840062298141503|-0.5832849191313347
0.0|0.0,0.33178535920039376|-0.1966162215125962,0.44288909288658695|-0.5402062230844837,0.020223187570171806|-0.8261645270850905,-0.3931488758160919|-0.9160599812719078,1.0|-0.6718706134704036,0.27306529292351217|-1.0,0.08933200082760429|-0.8118894027255429,0.26274165766739815|-0.7021022314075366,0.615754295767438|-0.6172111289638936,-0.17558511665922022|-0.9392283500012538,-0.2477813822448038|-0.7140528582359262,0.04741247292187578|-0.6040289863404806,0.20374529492826787|-0.5515241192995376,-0.47818286028094853|-0.8567695447703546,-0.5045916616726259|-0.6672124439671017,-0.26300317548166613|-0.5695696330896398,-0.22442297946967357|-0.5019434524155386,-0.5639343588144354|-0.733002360277851,-0.5468862245437789|-0.6465817256144888,-0.3658075203184991|-0.5911470008446602
0.0|0.0,0.4055566659137427|-0.180031087375075,0.4842391038094342|-0.5116896825593843,-0.038197959474768305|-0.7807740266075983,-0.4773025926454209|-0.8662792642952662,1.0|-0.7207665423243618,0.2384201081869431|-1.0,0.13239872485598703|-0.7538673036890547,0.3684005162659767|-0.6750573694825961,0.5377568269325399|-0.6808133599543974,-0.1824331266910984|-0.9138386925725042,-0.20264740221706495|-0.6310157393520498,0.1441204944326255|-0.594790975872515,0.11349137222785591|-0.6238831588362572,-0.4936257973443604|-0.8393034651737984,-0.41096666338617244|-0.5776085787710018,-0.09536917049306695|-0.5259576189741227,-0.2619856903973575|-0.5722184763115651,-0.5779352222332536|-0.726974766062183,-0.4714889643161709|-0.5770906614370225,-0.22018084916822128|-0.5454932326136508
0.0|0.0,0.5955770716245372|-0.14865654316054974,1.0|-0.46316232549612496,0.9232296173403703|-0.7966863891704627,0.43452935871629106|-0.8385480817213742,0.6001067981730156|-0.6908446969977236,0.6925579303985399|-0.9816509190818307,0.706610705438716|-0.7488834464972619,0.6698002163867971|-0.6392498378381045,0.2835751512868419|-0.7097424564916962,0.34902201031705865|-1.0,0.4075904074439088|-0.7006331096362394,0.3410276850798386|-0.5954446688814405,-0.03883007801847532|-0.6700103668517244,0.004085474053244343|-0.9515438059088589,0.10832689627005478|-0.6382744823356574,0.038184786207054004|-0.5147397558487212,-0.39219108121100504|-0.5939898567631582,-0.2912780646446044|-0.8339567420298147,-0.1597623613811718|-0.6276626407766671,-0.20423343137963706|-0.49342728446854883
0.0|0.0,0.5991555664284931|-0.1365272695247966,1.0|-0.46384378625288814,0.8960052398989138|-0.8076908679570174,0.4056806144227374|-0.8311104634587599,0.6012654452287153|-0.6895728379951491,0.6784560375132414|-0.983460912305235,0.6935421379221415|-0.7466306016404395,0.6702162723686922|-0.6334448862517852,0.2971542697101786|-0.7130169989802818,0.3515061696555863|-1.0,0.40870458322436964|-0.6951487013883342,0.3498328486708035|-0.5822470766239205,-0.01192354182458872|-0.6766898295222298,0.03456941359650127|-0.9580312920809237,0.1383981672405087|-0.6470755544028532,0.06616035199394543|-0.5283707937458619,-0.34534299163520277|-0.6031955850311648,-0.24481463315284524|-0.8347311149086415,-0.11956065231197886|-0.6225408196449,-0.173903815075435|-0.4990142055338848
0.0|0.0,0.6407892745003247|-0.1505118220015801,1.0|-0.46988834092853765,0.8651206398968665|-0.8132022260737396,0.44972971389226646|-0.8438912140754126,0.6418828100965412|-0.6397467475485304,0.7350610158069761|-0.9460912490671157,0.7570770034622014|-0.7689823155212807,0.7232649926995893|-0.6186785984729402,0.33964763920833274|-0.6805366852468966,0.4163883232494885|-1.0,0.4688502585663849|-0.7473416215373933,0.4175371002475791|-0.5635236098315751,0.028582084450369416|-0.6667522095346924,0.09300424107469858|-0.9743091188925126,0.18653739568225877|-0.7044754183285448,0.13688971984979223|-0.5328529036279288,-0.2980200382844279|-0.6200946689593522,-0.21244011954117284|-0.8930600244395177,-0.11827336741819389|-0.7132139469274278,-0.14116802908444548|-0.5616414389244425
0.0|0.0,0.641112783185785|-0.15886495792177777,1.0|-0.48318466136879046,0.8285084184412346|-0.8466179890986238,0.3832459167096929|-0.8653245985641898,0.6107808938533416|-0.6445622334379838,0.7129978969638202|-0.9456010076263753,0.7098786031809996|-0.7336675600007598,0.670660126685892|-0.6026180650863842,0.30852485234671134|-0.6885414041892912,0.37481393796672924|-1.0,0.42021433338790315|-0.7134969316357477,0.3756479114458059|-0.5646141488492693,0.0006586155221700312|-0.6739981712756947,0.04270107922275813|-0.9909852350763803,0.14007165434648466|-0.6892055802256908,0.09771247591582818|-0.5407955703436976,-0.32693491921570605|-0.6221996090931542,-0.2535279376393104|-0.8925948852351839,-0.162936033698951|-0.6875485452465893,-0.2008188618418567|-0.5482803647269118
0.0|0.0,0.6494635198766171|-0.2385708484343489,1.0|-0.5138384564832397,0.8792242617549878|-0.8175798594777859,0.4199717669672281|-0.7974384952173685,0.6133226437755304|-0.6546860066835509,0.6668251982442525|-0.9533144663933588,0.6679329633782791|-0.7823784975062034,0.6264638821315662|-0.6599671678500606,0.3078064551793656|-0.679566560505044,0.30663414504589337|-1.0,0.3274945329767814|-0.7251779109826948,0.28447390112138443|-0.5591129884490388,0.007752194143946466|-0.65989635941291,0.003411620138163358|-0.9562013455134052,0.08437575566289722|-0.6779708828051471,0.061009230552576225|-0.5182611131928366,-0.3018788153738159|-0.6137947083515298,-0.2893237320845163|-0.8736450231428765,-0.20009953518335566|-0.6948768756102444,-0.21580759537141322|-0.5402082839747493
0.0|0.0,0.6590150728949542|-0.27219293692227375,1.0|-0.5357733125529888,0.8756129294425972|-0.8315976590633338,0.4183880629388013|-0.8586955580217602,0.6428210940171946|-0.6343354420016906,0.717868385662016|-0.9346359288271084,0.7056821511483761|-0.823737001457117,0.6318960789175138|-0.6917966019192875,0.32051077263000344|-0.6548449407276374,0.32680347679745|-1.0,0.34222654714971273|-0.7725898043212385,0.28975740227346153|-0.5772744241408618,0.007248173420445997|-0.6549002930079295,0.007339637143810046|-0.9628379156359417,0.0798847426423151|-0.7214810580060207,0.045800459474547445|-0.5391075480017299,-0.3137682629372987|-0.6357344603226616,-0.29856699211419374|-0.9120676210498384,-0.18536822151729823|-0.784587305440432,-0.1767440090444556|-0.6407964474822001
0.0|0.0,0.47948024675950046|-0.11896088670363258,0.8740766603691691|-0.28033971374863487,1.0|-0.39231919769276224,0.6659146386753932|-0.3812139946650951,0.617289081412546|-0.9733268921581684,0.9679532492914683|-0.7282844090505122,0.8072925324883672|-0.4937379562459723,0.6439848961115016|-0.5558014808406521,0.2774894863455128|-1.0,0.6642590823170008|-0.6645794236879726,0.566808886697088|-0.4460210002458728,0.4122022057578901|-0.5447782878877888,-0.015924466409612887|-0.9048824800350329,0.32251364640267033|-0.5381239809736627,0.307644208736022|-0.33374196702659803,0.19545809620871782|-0.42979040365642157,-0.24617362599938455|-0.7405057991039652,0.05373117887840541|-0.4702470281972989,0.08053045005969907|-0.32246487340068547,-0.033713675911137074|-0.4028400986135732
0.0|0.0,0.47542815306181246|-0.158704082113549,0.8743642648655698|-0.30026512409717027,1.0|-0.3836481027434423,0.6775580269283591|-0.35611972636873035,0.5382144351372803|-0.9900270320239457,0.8691830104107509|-0.7250860082389066,0.7423374028854087|-0.5071993759795634,0.6012938700580273|-0.5312815318227463,0.20196713455555204|-1.0,0.565027556490837|-0.6616494186966867,0.5183918246876892|-0.44098964759279646,0.40579226098697013|-0.503953146505836,-0.07815213028719231|-0.8822082879677887,0.25234772122398225|-0.5656526535973618,0.27182067040946517|-0.3666044539398238,0.1867098614717087|-0.42266569349769256,-0.2921910917315475|-0.7061057390787361,-0.00837916211340006|-0.4840766938517553,0.04762536941761905|-0.33980595429569915,-0.023631129821676457|-0.398730812036199
0.0|0.0,0.49891266998510225|-0.14217691107639477,0.915657981244126|-0.3690176148919615,1.0|-0.5251376301289057,0.6483064966652049|-0.49062960434249814,0.5405186603823798|-0.978967011334683,0.8792572899604344|-0.8975120472314314,0.8078490835082712|-0.6234261361886249,0.6881129029091717|-0.5917727930770657,0.2362274673329713|-1.0,0.5713955305776546|-0.8088799004057355,0.5377788513629556|-0.5297014385477044,0.41570198928024044|-0.5541850285723661,-0.034635559507250405|-0.9190508702502379,0.25673690227888823|-0.6738882208236278,0.27342303345507807|-0.43870016668696915,0.16677082551925257|-0.466788832576723,-0.26707469548324136|-0.7744905940040056,-0.006421012985685882|-0.6020992125669808,0.0603753852978317|-0.4245501162196219,-0.021570048117619634|-0.4314893958204895
0.0|0.0,0.5139289925077671|-0.1567057996217967,0.9421806121502426|-0.40882824270052487,1.0|-0.58551802680008,0.6197567477821082|-0.5294300515465411,0.5635121673162266|-0.9723105980963617,0.8940891620072677|-0.9756629424835394,0.8296140148984253|-0.7042885472916735,0.7028101586772371|-0.6586616960805116,0.2574459189311637|-1.0,0.5877599527853549|-0.9352858918833115,0.5456961673054715|-0.6294882663921639,0.4137616171284838|-0.6379078460281731,-0.025935924133916436|-0.9465215502793701,0.27102792681730004|-0.8108978641784542,0.2789223983211376|-0.5383150601612435,0.15293269896496142|-0.5569874396962782,-0.28272215552600904|-0.8251408602853365,0.007663506924232056|-0.7133392170682836,0.06473582249874636|-0.5130933495012617,-0.04047230777710708|-0.5154279000443373
0.0|0.0,0.5072991701866074|-0.1512006272411288,0.9401305978058753|-0.4232228006290525,1.0|-0.6574552485837586,0.617983440223974|-0.6112198274439988,0.6224056592382546|-0.8908114608650313,0.8312483800044113|-0.9879183629110043,0.7575834576112558|-0.7056642215734463,0.6605278113329659|-0.6757847144907838,0.325266672068888|-0.9116436486336998,0.5478351492488855|-1.0,0.5052228926104588|-0.6638517043091129,0.3873062646269167|-0.6668942701497008,0.03876330811283058|-0.8714251104755608,0.24616017443092875|-0.9449614669783034,0.2787513999713432|-0.6253934003830984,0.172993928940755|-0.613571011316346,-0.23161254696310193|-0.7799493730499794,-0.01919792039522794|-0.8389175432797026,0.052512006079108914|-0.6122454986586381,-0.02974003330415776|-0.5700681257872051
0.0|0.0,0.553320797783448|-0.15842375645597404,0.9899671510172768|-0.439636585406862,1.0|-0.6805334136301872,0.5936398549469609|-0.6353187443732337,0.6509771129077171|-0.830959481168197,0.8384355281017184|-0.987242735452946,0.7912173716432304|-0.7149784711703215,0.7072264317401556|-0.6519547137972515,0.34751787707472787|-0.8534946709077263,0.5499960800572188|-1.0,0.5286382477015288|-0.6811388498698487,0.42572879589967094|-0.6391052810975806,0.053299234653561796|-0.8232696308229867,0.2586405803774967|-0.939007151820665,0.3041411267582735|-0.6400239056369309,0.20269658995290418|-0.5866774985899649,-0.22388246840381446|-0.740651505031036,0.010830202545992502|-0.82008058217257,0.09268894158651451|-0.607985766669367,0.0064315996163554065|-0.54149966602419
0.0|0.0,0.5272599202417954|-0.1404304431702689,0.9643497526408517|-0.4384326409653041,1.0|-0.6714021736785722,0.6276123529881444|-0.6347336659460179,0.6417769752857716|-0.7706636108800942,0.8262426433343149|-1.0,0.7614221682971628|-0.7216336311990678,0.6634146870400873|-0.6382072746363869,0.3307244832678586|-0.7843845436750851,0.5020994300551187|-0.976555818360512,0.4484871809928811|-0.6121954811583538,0.34168232948370936|-0.5632274221254736,0.032358837849251955|-0.7469405535395565,0.19221659736160568|-0.9208020943146137,0.2177661760040151|-0.5896486057534059,0.12389165062363289|-0.5242129132951081,-0.2575941603216239|-0.6627891511920656,-0.08385116739914716|-0.8074241460420989,-0.005196717800184278|-0.5826597975613818,-0.07772503092077368|-0.5102571786438633
0.0|0.0,0.5675731721500886|-0.1748590475337351,1.0|-0.4929665494529312,0.9821758355565453|-0.7418248195986962,0.6334172128149576|-0.6763085848124951,0.6353863219643727|-0.732763645554935,0.7429792633452075|-1.0,0.7160239262389504|-0.7582526999511079,0.6906310736363273|-0.6588480500936029,0.33478131377928605|-0.7555326250813172,0.4887568135173693|-0.9936897520408,0.46729917385773184|-0.6864497079783747,0.4209580894111396|-0.6178283062557807,0.03954086577690102|-0.7313606200060575,0.20030020499532217|-0.9387451479809055,0.21430681617710923|-0.6521101134666962,0.14748363057805314|-0.5859521107712083,-0.26338277444233366|-0.6710967653832457,-0.10820513236639015|-0.8463903922113367,-0.03811136826939288|-0.6571106725470857,-0.08499927721191936|-0.5887944942640231
0.0|0.0,0.45715154196767455|-0.20888487034268502,0.7981771204811215|-0.34333959795227514,1.0|-0.4006665698325298,0.8873305153102272|-0.42617655062004506,0.5161733742982391|-1.0,0.857134372395062|-0.7199969046904722,0.7372292874523623|-0.5566278315263619,0.5839726967485187|-0.5841158292733825,0.1948889139026335|-0.996417242650067,0.6192268608885955|-0.6648594837302793,0.5439294667732459|-0.46944301554187895,0.4180056944884635|-0.560710246679678,-0.05812678406642913|-0.8780909488201987,0.36509475166106536|-0.5518691102697676,0.34061527241264655|-0.37506905775099125,0.25726010968815183|-0.45982186747381515,-0.25213672996930747|-0.6892528062342579,0.1294985188001633|-0.4605433663647683,0.14869926222709587|-0.32150783436795743,0.042933657497630756|-0.4011857318916464
0.0|0.0,0.45359722421910054|-0.19167049373929265,0.8037011074169896|-0.3298174720976889,1.0|-0.38160238143315267,0.8493888559041836|-0.3864818611894269,0.5537251320360784|-1.0,0.9184084205110403|-0.6925538739309298,0.7465217690363757|-0.4967835939526904,0.5709342087979025|-0.5560278891421434,0.23301198698126377|-0.9973132285124126,0.6732386105302575|-0.6323624728711763,0.5707742929871206|-0.44306875016839625,0.4164907965222781|-0.5415489911210906,-0.017847746739045954|-0.8777173855458051,0.41336858930664827|-0.5237536331962046,0.3610602269264951|-0.3416998136061741,0.23493271492598058|-0.4255682559538099,-0.20122921622132348|-0.6967237432796655,0.17436547070002154|-0.4627126068767424,0.17259435343231724|-0.3215470596729677,0.03766017343912609|-0.38913593731694
0.0|0.0,0.45789789365431116|-0.15924851567802892,0.78812713769267|-0.27259344791804824,1.0|-0.31447059833194196,0.9938968525215129|-0.34782707746561287,0.5777193424965834|-1.0,0.9546044799362436|-0.6414461704103048,0.8003227823390835|-0.462175029062283,0.6513706560045801|-0.5405119642982531,0.23336869582790967|-0.9930570400942477,0.6820908274070416|-0.5947282188916543,0.586433374644416|-0.4091183010462422,0.45348840531860923|-0.5088166774593713,-0.03563386102591584|-0.8582353537796572,0.3695417483082241|-0.4786000171643014,0.35302922107525014|-0.30408432353147696,0.2578081712819311|-0.4074202835230509,-0.24889996578912438|-0.6663517277429724,0.0669683735131452|-0.41837859767657776,0.09449488044766632|-0.28053458996824604,0.006319140971926561|-0.3689650706467041
0.0|0.0,0.44922614973176905|-0.17260404239364333,0.774074125662618|-0.27509282775946237,1.0|-0.30178495815752765,0.9733440519588022|-0.3407813696322925,0.5634038865629826|-1.0,0.9407499124468711|-0.6301537049492631,0.7847566023018514|-0.4539683916452257,0.6312891501774941|-0.5421497560733286,0.23657750839714098|-0.9913548949739357,0.6809031702192012|-0.578200911679384,0.5914641668921823|-0.4081409294524798,0.4598976822298986|-0.5277404591829895,-0.022056797107563|-0.8571755917202921,0.38332301930944457|-0.45166214716974884,0.36377740512424583|-0.28875019811403324,0.27554859994587627|-0.3998309426916226,-0.2250558151196294|-0.6605302438320497,0.10490630820293223|-0.3824931064201563,0.13057641298810868|-0.2523555659989797,0.0405824919610309|-0.3503529780974587
0.0|0.0,0.43790338713073484|-0.1903567801435637,0.6925208875229336|-0.4605728813971422,0.9103462720644651|-0.6127732725880204,1.0|-0.7070251060693729,0.23212728875981914|-1.0,0.7892920197031795|-0.9452947189231441,0.7215178630964914|-0.7214705175935683,0.5642034187556495|-0.6911760598805268,0.09523858272792696|-0.9562315366349633,0.7564632554736972|-0.8405603104555998,0.6641178129061194|-0.6002493160073822,0.46970427246233576|-0.60448026253751,0.03340592583943674|-0.8576940503567079,0.6832008065875002|-0.7523402946647098,0.5953787228791455|-0.5371324124937942,0.3955132740253204|-0.5248759087729467,0.037344929319837454|-0.7194173076171166,0.5749466208515818|-0.6680114879874567,0.5583630468267318|-0.4908436823461727,0.38982618470997626|-0.43626424211120846
0.0|0.0,0.4548048471884267|-0.1829635425556545,0.705628678390935|-0.43527684032102426,0.9150263820520262|-0.5893306248954339,1.0|-0.6921219270242729,0.28528572163987304|-1.0,0.7777028750091147|-0.9391454900960065,0.7072217517640198|-0.7140802155033283,0.5659442784276189|-0.6921364606552639,0.1427658681052233|-0.960851467981228,0.7493896284544767|-0.8570446706358126,0.6590195703995374|-0.5928055146679826,0.4804125951519911|-0.6119368429235582,0.07695783066760202|-0.8673785892576188,0.6820840649917825|-0.7365671225607582,0.5791261070159411|-0.5006629701671874,0.3843320611772995|-0.5203864593877962,0.08008892520217462|-0.7408971306218535,0.5760491383336357|-0.6124945287639146,0.5025488776958215|-0.42548793286138464,0.30617591854813553|-0.4285325595583128
0.0|0.0,0.42119264295738784|-0.18299447130587349,0.7110057124903052|-0.4502588081685946,0.9531670989391875|-0.5998196544056144,1.0|-0.6931893832751902,0.24538974271920921|-1.0,0.7947688192618471|-0.9307218312014199,0.7240938440853041|-0.7045833078319766,0.5713110719634014|-0.675238060264806,0.11610334591862198|-0.9723999428769611,0.7887382805632538|-0.8478687802191076,0.6921998631511498|-0.6063969643185018,0.4997935161598023|-0.613709692555644,0.06280396526009123|-0.882336821918926,0.7273912575760035|-0.7525162290633862,0.617006317222458|-0.532473876410225,0.40597322945953507|-0.5294492931023931,0.07643863935815853|-0.747200359059102,0.6194333621209316|-0.6486334128975662,0.5529604225091322|-0.46726123589774976,0.35136506315434124|-0.43718938327519025
0.0|0.0,-0.047098365148306856|-0.167945448889015,-0.21060754659455097|-0.47771019408875676,-0.6332056504732373|-0.7326854690596505,-1.0|-0.9092809666597276,0.5189546042932811|-0.8463222900698384,-0.3980797343773544|-1.0,-0.6267466072399442|-0.7647772009135839,-0.4981459990500889|-0.6649190287875284,0.2613735996961694|-0.810434955308879,-0.6237904714572853|-0.9229977576086085,-0.6946319887420551|-0.6626601419466411,-0.4502019222042168|-0.5744028894748806,-0.006274436199544783|-0.7637823603602474,-0.790902133599097|-0.8073249032789325,-0.7972926651528008|-0.5693137134258772,-0.5507766272515229|-0.48658144677627785,-0.24539055182082456|-0.7190894248003803,-0.801530035432214|-0.7129620251661174,-0.7966663670657527|-0.5516414786652806,-0.6122133193754554|-0.4934739053537301
0.0|0.0,0.05209285209962017|-0.18850662459715722,-0.11210569126370969|-0.5104985121105263,-0.6099609188753753|-0.7371667523106181,-1.0|-0.8570326975529411,0.5293451320373226|-0.856428152013619,-0.37927034149733696|-1.0,-0.5034807939753416|-0.764110510924588,-0.30309929442865663|-0.678999663641152,0.20511152917268072|-0.8096506369916271,-0.6559672138532093|-0.9329039666548116,-0.6622373156667272|-0.6700279505841904,-0.3855422361771966|-0.6100346841924847,-0.09284649691285224|-0.7612318451437307,-0.83205290927861|-0.8278373283717724,-0.7905420025443014|-0.5842109426601418,-0.5329443112182897|-0.5120941264542054,-0.3547009011506504|-0.715953152865771,-0.8591899583349067|-0.7155002260614437,-0.8027924341488597|-0.5650793273080295,-0.5914208880358331|-0.5253909126515303
0.0|0.0,0.03060844798831959|-0.18371771728388278,-0.13503156865878266|-0.4983447436745533,-0.6191779700498344|-0.7179119719636119,-1.0|-0.8546575210011207,0.5639499376970617|-0.8708262519756194,-0.3574952835646749|-1.0,-0.5677023951518745|-0.7719206305284934,-0.44353642295784285|-0.6925664862241877,0.24175069401346408|-0.8186485418694328,-0.6497418878268234|-0.913238903635433,-0.6840036123447192|-0.6437858711566021,-0.4145488296819497|-0.5881037755954088,-0.07394016691407547|-0.76367671538706,-0.8298429781535458|-0.8107398685154317,-0.7910011639702462|-0.56066090896506,-0.5261410894766002|-0.501077877352053,-0.37207802817525426|-0.7106343227912074,-0.8649267123806019|-0.7054212803855672,-0.7938373785919209|-0.5382848240967101,-0.5748126104610687|-0.49803265574598066
0.0|0.0,0.056848569973492365|-0.17897181569011136,-0.10744679128073437|-0.49843619179907805,-0.6113864949639096|-0.7173156965200935,-1.0|-0.8373758151147502,0.5531142419590814|-0.8565375886006333,-0.35843925289145545|-1.0,-0.48792085141149094|-0.7615836926571352,-0.28800057226254255|-0.6848006704318326,0.2127759412189192|-0.8080824000725373,-0.6425851510467185|-0.9235793476993228,-0.6524103410360831|-0.6595227572268668,-0.3772863508185334|-0.6115402320022014,-0.09962182083863456|-0.7567007183627715,-0.8113364669806312|-0.817970984771127,-0.7681007272053253|-0.5757434636140244,-0.5119412567101382|-0.516903449302786,-0.38090843079492304|-0.7065670766510499,-0.8528207774492567|-0.7113022546530118,-0.7753583839161833|-0.5624497093049475,-0.5511592365513803|-0.5286195493985372
0.0|0.0,0.1811597460178576|-0.15954078895464796,0.047747248586884804|-0.46621243722640127,-0.5262011929901314|-0.6865852693242683,-0.9393952359719095|-0.7954700401731488,0.64453461245849|-0.832694943030221,-0.32254025410233084|-1.0,-0.3974878219096255|-0.7605958186439502,-0.16296754792813214|-0.6999771332599991,0.24268347060852594|-0.7745264516389622,-0.6723810645567992|-0.8928584109048943,-0.6200361286352486|-0.6247988166624918,-0.27673356754047646|-0.6011750637874553,-0.1427912796099165|-0.7051607495990991,-0.9003479454392705|-0.7796848233576908,-0.7852850929116483|-0.5310556062438578,-0.4801793691791252|-0.5030884757167925,-0.4987924670713811|-0.6386384061556483,-1.0|-0.6600282544305938,-0.8684686915208281|-0.4994350091092362,-0.6086653437929298|-0.4824719271678044
0.0|0.0,0.5548659480133438|-0.1997652822361099,0.6987756493319331|-0.5604167693083153,0.08587923917320614|-0.7600963062902593,-0.5295127410166246|-0.6721831025949072,0.5402825154704288|-0.7841924597234171,0.17433926418655243|-1.0,0.30256374267833286|-0.7753739630035283,0.5046635604668824|-0.7176647224759313,0.04188707902763749|-0.7506804351753246,-0.35813472619408654|-0.9460668667705084,-0.12918466015183452|-0.6659323841033667,0.09852125507848626|-0.6256678023570312,-0.3902731166679616|-0.673411012533019,-0.7677573454774216|-0.837951102150232,-0.4656307097724989|-0.5777281518565821,-0.27196575327015665|-0.5298020816357983,-0.7576923558912947|-0.5564165873957319,-1.0|-0.6719613966338592,-0.7634073290608466|-0.5067939296781537,-0.5984094719878091|-0.4669105432238194
0.0|0.0,0.684546169614012|-0.22005005533564806,0.9804485320601599|-0.5675620405051879,0.4118102800983233|-0.7814579043870912,-0.16712405994897014|-0.7194496888794342,0.772405242114396|-0.7513088400280604,0.30261201831184925|-1.0,0.3866552522110242|-0.7775055842152848,0.6192697514086514|-0.6690447066450895,0.22845468839332836|-0.710256152133778,-0.25279951338373313|-0.9592315879178348,-0.059632746483419964|-0.6885141175546962,0.1729649936851429|-0.5912585504339479,-0.283544913785785|-0.6253073850930576,-0.7033390854350575|-0.828169833587852,-0.43437562588791945|-0.5839003021301059,-0.2399230842987404|-0.5115049396879424,-0.7383019916594983|-0.5038104988312402,-1.0|-0.6434687473883347,-0.7665176028873883|-0.4853433342703672,-0.611675988075264|-0.4353269361778642
0.0|0.0,0.6193852501673033|-0.17034153663716115,1.0|-0.5462068326002161,0.599025901429013|-0.7786320213960873,0.09071159376757376|-0.6861993594890079,0.7222168795998495|-0.7013912511794459,0.5747466508683344|-1.0,0.5058996402238519|-0.7449453868832249,0.5463037166051473|-0.6439806278669129,0.2719240445313511|-0.6808574211841936,0.09508561849164711|-0.9960960157949567,0.13589909804661854|-0.678110304216158,0.2375181500754497|-0.5934368310402323,-0.14156207988684721|-0.6128018806095624,-0.3192062525303253|-0.8779368224273186,-0.1694252406851379|-0.570630801743125,-0.08258111189073823|-0.4921821307639912,-0.5289394023940489|-0.5016862796930197,-0.6403461386097863|-0.6900766195135136,-0.4833854337952129|-0.495014249944821,-0.41399723529185956|-0.4302763714937996
0.0|0.0,0.6554675293280635|-0.20100281942644704,1.0|-0.5593663050450263,0.5731520224522565|-0.7848850776592402,0.03143355220876825|-0.652094073895272,0.5907435541151661|-0.6991300955098457,0.4706400976390147|-1.0,0.4907987806915311|-0.7584976352500535,0.5471224202211814|-0.6516878591805452,0.17945276555433923|-0.6752492386560837,0.03898465644549176|-0.958832638920185,0.1339271991871277|-0.678446173154887,0.20275503967076314|-0.5951320290425001,-0.20355179604294701|-0.6087050331731728,-0.32513320217840347|-0.8427871885558573,-0.16463690982738255|-0.5800428192288958,-0.13933193530825666|-0.5148660386595408,-0.5705341648110406|-0.5055264956325745,-0.6476623042257175|-0.6818141129363335,-0.4777826038249809|-0.518756254502779,-0.4495822630318015|-0.46928140123086765
0.0|0.0,0.6346370633011129|-0.2137168999682663,1.0|-0.568386751760046,0.6550810199841478|-0.8065365584194257,0.09928890014492142|-0.6856498948085986,0.5551443351671286|-0.7344554728911769,0.4799412810303022|-1.0,0.5261941947012226|-0.7550533008944207,0.5777228108189233|-0.6691319064913085,0.16017465610475615|-0.7089077724104698,0.11249597831337732|-0.9572355817260793,0.20968356478550224|-0.6786913954609028,0.2351008118413462|-0.6247810961061552,-0.20908699506141573|-0.6450924391476558,-0.24459208607112876|-0.837199558078582,-0.08585163611122835|-0.5728409317960109,-0.11244851537620944|-0.5375348189415042,-0.5668723706611513|-0.5495122409882115,-0.5617840811559945|-0.7030144094589988,-0.39236615873819874|-0.5252770823783834,-0.42042500902827606|-0.48898281677891
0.0|0.0,-0.6016385855223093|-0.1918670538437199,-1.0|-0.5386724452904559,-0.7543166470436983|-0.7932975410128978,-0.3088536126561379|-0.6358091127041422,-0.6202406181911683|-0.7320305484257538,-0.6056941794215961|-0.9897783695420846,-0.5856760450922279|-0.7252859592665473,-0.611594061683786|-0.6423928201621809,-0.2953833245368303|-0.7390954542094075,-0.294323954907772|-1.0,-0.30267603155914635|-0.6884336328983403,-0.3232679685491183|-0.6164107147791689,0.00767271595414992|-0.7107383182451279,0.048215121865399974|-0.9499264385782745,-0.020490709539469232|-0.6384665543291862,-0.03927029623915662|-0.5702237774763014,0.28104312993111663|-0.6406766522311992,0.30093784255612843|-0.8191966013451273,0.20667722247032871|-0.6144075061151685,0.17277739434046527|-0.5569950191777643
0.0|0.0,-0.590854340962177|-0.2072400995963882,-0.9897509631513945|-0.4955264216111706,-1.0|-0.7390271344646017,-0.6983254464203422|-0.7589883844832185,-0.8837008187116023|-0.6390640972351035,-0.8347450775919504|-0.9686267315297848,-0.6709574633370464|-0.7765932240336537,-0.6464640559536318|-0.6194651636042627,-0.5688989658795554|-0.6721188332762419,-0.5143773552112876|-1.0,-0.3888055869364281|-0.742485929099178,-0.43415309827962595|-0.6171209386648181,-0.27653597301332744|-0.693735148886852,-0.2155415636364594|-0.9946085805077575,-0.13141993400800014|-0.7265797522546613,-0.1737517215590544|-0.6086094822368839,0.005379427665552755|-0.694746818561539,0.0412126095806901|-0.924992113255012,0.05313330331303013|-0.7338588455430075,-0.01765667833245116|-0.6490743736976716
0.0|0.0,-0.6359929067117238|-0.24705937901931666,-1.0|-0.5290215515640355,-0.9290188957370774|-0.7917938735462783,-0.461398924660523|-0.7039253397866941,-0.6853201931318399|-0.7574788327794296,-0.7373639574535076|-1.0,-0.6973188372566883|-0.7480886388575335,-0.7168598914827119|-0.6663741333385377,-0.39324634237549516|-0.7565027703577699,-0.4613998701801546|-0.9984300151785764,-0.46201351242105504|-0.7203630267252489,-0.4854430161319832|-0.6617423696332778,-0.12029988100635436|-0.7419814495257245,-0.16330542316967492|-0.969295962095739,-0.18884816325720166|-0.7082516432965275,-0.1940712137020923|-0.6583256475132884,0.1648480384486103|-0.7137902183486389,0.08377445763812033|-0.8883976119711186,0.03332720321438854|-0.7075797819598432,0.021298302461329428|-0.6602180905212277
0.0|0.0,-0.632871248300137|-0.2216995594782923,-1.0|-0.5075158611400105,-0.9045328494555105|-0.7653916607484939,-0.42711429429206704|-0.6550059880553365,-0.6447846399947982|-0.7462867505431179,-0.6980824885029064|-0.9906925703563745,-0.6775952342369298|-0.7375014740836441,-0.7094950016281093|-0.6522509584819428,-0.3566128416934166|-0.7532538594785544,-0.43453959048859025|-1.0,-0.42341002803599215|-0.7050978398450706,-0.44365243091203077|-0.640742623685445,-0.08047279685818075|-0.7416003438218206,-0.14151749950851925|-0.9842460422492026,-0.15549028442892476|-0.6978042050037605,-0.1536361193391451|-0.6320710809684664,0.21211140636644094|-0.7085622639828298,0.11175535587015968|-0.9036912364744636,0.05872623430246055|-0.7137347907325344,0.055979022026973274|-0.6555303687436614
0.0|0.0,-0.611591076831736|-0.19312007815248222,-1.0|-0.5091956495310059,-0.8877811639554549|-0.7855219361443001,-0.45410766955626547|-0.6894415737538873,-0.5968636550565256|-0.7338676342688275,-0.7148077640605808|-0.9769287599551976,-0.7159973745775221|-0.7405779283981115,-0.7058437437870902|-0.657606810430594,-0.30910210006563554|-0.7563508603319322,-0.45914935222330255|-0.994605004089625,-0.444287391163438|-0.6972297736210914,-0.4026815259042592|-0.6216814149742861,-0.028383976207789662|-0.7488875284781056,-0.1814161485270127|-1.0,-0.19940410535460906|-0.7019629480693157,-0.13542876907448412|-0.6140664396810884,0.26718575953417817|-0.7091848589636883,0.08819948853284093|-0.906921573437364,0.02282211128632084|-0.7100253722206197,0.0792060548125029|-0.6272237380971051
0.0|0.0,-0.6029331554216709|-0.19464601623549568,-1.0|-0.5072061123207954,-0.9405939353287924|-0.7628384628633282,-0.5236976186014759|-0.6929704546828467,-0.5456043844562813|-0.7711387088937074,-0.8134612928751392|-0.975614676732963,-0.813684478122475|-0.7152891284684637,-0.713593055716347|-0.6533021907767693,-0.2843129415218847|-0.7870830629128309,-0.5760279948297407|-1.0,-0.5414139919247519|-0.6880159138426022,-0.4069359291249587|-0.6601031000740258,-0.003153237558615965|-0.7796553863771941,-0.3069155202066194|-0.9764230867060331,-0.2905048402554576|-0.6756801764757545,-0.12351155132842963|-0.6396382087345918,0.3108994365467633|-0.7493686703067453,-0.043306292511120476|-0.9069073855878894,-0.07788270004022109|-0.6922173644751295,0.10781936078312958|-0.6350332659991035
0.0|0.0,-0.6125457264880255|-0.14813477022613142,-1.0|-0.45698749401697564,-0.9087072043120554|-0.7335430374596199,-0.5089163731695222|-0.7385724429813295,-0.5556850346823857|-0.7253616756741498,-0.8503701834932801|-0.9335414466652662,-0.8495279017507046|-0.6953985961395788,-0.7602146683832662|-0.6022270185191857,-0.2926241614724847|-0.764406007525705,-0.5649267742144322|-0.9842678236420426,-0.5120725937405518|-0.6825624453066965,-0.376580029112781|-0.6078543755656483,-0.005144459327869848|-0.7742187133249769,-0.3074782204762563|-1.0,-0.2820402439813897|-0.6940604573596151,-0.11486467095282621|-0.6197291875360951,0.3192801761450059|-0.7482769123804507,-0.04201597665638175|-0.9380000377423758,-0.09658608926985118|-0.7201170450339845,0.06567061177552591|-0.6297044038958242
0.0|0.0,-0.6598974108236851|-0.22753704404365477,-1.0|-0.532092902903573,-0.994710245596263|-0.7673400123812368,-0.6480282178790332|-0.7536002996770799,-0.3933390229727732|-0.8354115407268222,-0.8534071229796535|-0.9788310939040837,-0.8779491826388899|-0.7488451826382866,-0.7386171833942554|-0.6775169226533758,-0.1362827233561651|-0.8504005096917403,-0.64114502285859|-1.0,-0.6074734341170495|-0.7076326638990665,-0.3964929667565981|-0.6642820875998829,0.09743556336945718|-0.8322766657314294,-0.4305949381727474|-0.9660948180086066,-0.41386417766899475|-0.6962906687146606,-0.18407423076416346|-0.6501662741428476,0.32199284744983625|-0.7882114980017767,-0.245471100681732|-0.8962282359896828,-0.2966705362070404|-0.7070691145309534,-0.042528102963931294|-0.6420647630452426
0.0|0.0,-0.6611285969355978|-0.2248818099020373,-0.926049910725408|-0.48392027070354565,-1.0|-0.6905009778386381,-0.910769422414151|-0.7641789795988754,-0.3953552298301707|-0.7914045365070403,-0.8287505709421583|-0.9841288038944931,-0.8887098783374164|-0.8151750848503351,-0.7846123821783001|-0.6999357475068627,-0.2065672881285554|-0.8191614858037757,-0.7817256986255865|-1.0,-0.7576365070796828|-0.7383068126803509,-0.5659942698168833|-0.6640220527841256,-0.030286093925175436|-0.82010643176398,-0.6809741311298426|-0.9796183555193914,-0.6515517169787817|-0.7128763018155481,-0.4214358676244654|-0.6378433133337336,0.12048748079558194|-0.8034774266812629,-0.5497695469833492|-0.9010514799150283,-0.5625569904081718|-0.6979126881429241,-0.29299838060042355|-0.6153555794284722
0.0|0.0,-0.6555270515623106|-0.2414652116777426,-0.9172063541177774|-0.5266938477061764,-1.0|-0.7222796302317774,-0.8787854670791274|-0.7006142529164932,-0.6043373838094509|-0.7557444631591268,-0.9530499809959604|-0.9684677146523469,-0.9069664866923376|-0.801475614162503,-0.7985675937613197|-0.6855730621673399,-0.4728443059657808|-0.7745350197808311,-0.8621132343238987|-1.0,-0.8089205184867281|-0.7830401360345163,-0.6735738230697883|-0.6850351840046345,-0.3414263517227478|-0.7705157284977779,-0.7520794733314937|-0.9865093186734136,-0.7184761661079504|-0.7821810433455496,-0.5821298061439204|-0.6827758327001648,-0.21270094633422862|-0.7593047826114117,-0.5969990724838614|-0.8865708327346863,-0.6299619696069251|-0.7372189003021784,-0.5174045019119329|-0.6433407494326142
0.0|0.0,-0.6992952715204751|-0.21138848711812278,-0.9569475264540683|-0.4734069471697744,-1.0|-0.6841721545106976,-0.8474479314136711|-0.7030122468436054,-0.4399326384270447|-0.772891084389274,-0.8532350675261907|-0.9651727324076099,-0.8927367367499194|-0.8014669439701191,-0.7907848643879184|-0.6938899645099467,-0.2716727465479663|-0.8062703447465253,-0.8131531208228252|-0.9886813829040463,-0.7713311647691731|-0.7482158657189593,-0.6094148169121666|-0.6861435339212427,-0.10895882581469311|-0.8180218947835824,-0.735524340376777|-1.0,-0.6760677105625317|-0.7491878426161426,-0.4664937083105612|-0.6763258163202006,0.03607844363818341|-0.8250852969312694,-0.6081489066090724|-0.9493073399437775,-0.6130750920213082|-0.7510900049953801,-0.3773927186288002|-0.6585344273106898
0.0|0.0,-0.32976015701261746|-0.34151870545732926,-0.39321079237342627|-0.6715317264683821,-0.0664265561226031|-0.8700564971751412,0.45236498528869795|-0.851935362645622,-1.0|-0.7702942602910119,-0.34200130671230666|-1.0,-0.08997499639661567|-0.8518392140198648,-0.20154354312366385|-0.7404472397306746,-0.6639229160571122|-0.6841226468230462,-0.038277867107185795|-0.9362109980075699,0.1933537194262549|-0.7724610924121749,0.04395524726121214|-0.6560548308011668,-0.2607503842890717|-0.6039726064375903,0.3097443280141339|-0.8268493672540832,0.4587293819526977|-0.6621589036508877,0.24084157796299605|-0.5495791753602313,0.11313245868191221|-0.5359193977274347,0.3704727899170833|-0.7310920087753061,0.3956964802487069|-0.6909018832088406,0.20879432917930008|-0.6540323732726232
0.0|0.0,-0.2822164096509424|-0.33439175359868145,-0.35389770237509127|-0.6655777742251924,-0.09510009574409338|-0.8490980310921273,0.3794507197918052|-0.8018124189879184,-1.0|-0.8091233395103287,-0.2543394007555306|-1.0,-0.06590242502444157|-0.8202536395862089,-0.21478410134718395|-0.7070841805123679,-0.7181600334132108|-0.7116889316199865,-0.058893117391902894|-0.9405700998901951,0.1247792091428998|-0.733969646410175,-0.04633127456310438|-0.6256661285250341,-0.36080745481711013|-0.6274869536305046,0.2348716943593429|-0.839149691187762,0.36343322296707137|-0.6443036920118617,0.1337002875433901|-0.5364979363731955,-0.034587650956390936|-0.5595802345156687,0.19394595553149638|-0.7686019500691629,0.19617661401908193|-0.7463017210775141,0.014209947896857712|-0.7288905500978337
0.0|0.0,-0.24938939742128471|-0.33806461624783835,-0.26222422166006687|-0.6626525313980094,0.05880249713373498|-0.845248976464992,0.47079095485653566|-0.802994011802681,-1.0|-0.8208963563861896,-0.18979290710615504|-1.0,-0.011844431052687239|-0.8205605100926154,-0.20415948351834662|-0.7166560363594145,-0.6847712779261502|-0.7252041930988798,0.018932456863340847|-0.9426212397881736,0.20201586979183278|-0.7440034789043651,0.03755268807818399|-0.6378343588708731,-0.28705875045952567|-0.6364064330778488,0.33864228844614025|-0.8347534902681298,0.4512701372953537|-0.6443868358675735,0.22366267543808113|-0.5392985039495235,0.07136118632317369|-0.5640819337566347,0.3227699786645807|-0.7525999859291984,0.2844014751822575|-0.7117431262252237,0.06897249224891434|-0.6836200524557168
0.0|0.0,-0.2790218962971521|-0.320404410263659,-0.3393705175627435|-0.6561451218561019,0.019767325294326538|-0.8324689429057428,0.45149920057361603|-0.7443915050868055,-1.0|-0.8006345589665947,-0.20923477649193692|-1.0,-0.08204952195831429|-0.8019937248042556,-0.32133032705969106|-0.6918858052909761,-0.6782236592829459|-0.6890368224972215,-0.03376110998781746|-0.9290747451106494,0.11054002484083685|-0.7244063891775822,-0.08931402249947752|-0.6171727942698222,-0.2796174307234596|-0.5895437432052267,0.2761784530377353|-0.8205653307683666,0.35641928342171486|-0.6396690021492673,0.11702208999451191|-0.5402626481686458,0.08616559085340678|-0.5284280220744075,0.32984451539129417|-0.7400498895800947,0.23520381549816752|-0.692966774350595,0.015247720233048507|-0.6527358034466554
0.0|0.0,-0.25155298522408837|-0.3600627089321746,-0.27870395045012986|-0.6866173539329163,0.05141444553503299|-0.8504483432103805,0.44982694952818714|-0.769013455315703,-1.0|-0.8216127751323725,-0.18021580411779017|-1.0,-0.05014573978042204|-0.8064698284371957,-0.29752184441512913|-0.7038447424104011,-0.7035366517754432|-0.7187462005994268,0.015648198570243927|-0.9462216808715449,0.15627756931536235|-0.7420596013710747,-0.0410206584690454|-0.6260968764883891,-0.3237078318786942|-0.6246791772213317,0.3070987935295179|-0.8464886009617154,0.4019364107792816|-0.6649006773947796,0.15254179777177862|-0.5630201344527692,0.026997032238202195|-0.5604231570188384,0.3041864807112035|-0.7718424401827951,0.26020633641144136|-0.7307910672676552,0.05926999349508987|-0.6910890741230287
0.0|0.0,-0.4672067891260228|-0.1652833870743491,-0.7192240075492186|-0.4409963054265799,-0.6519209141793456|-0.6874581817747883,-0.44703525123127236|-0.7894742538490805,-1.0|-0.6147167405831115,-0.8361179694670303|-0.912340396953649,-0.4586809550278571|-0.8088451634334639,-0.3239409764862524|-0.6787266889845209,-0.7601293967088509|-0.6756148996237713,-0.5888810610271591|-1.0,-0.2316802182034411|-0.8560323561709755,-0.1537674995798808|-0.6925414463534785,-0.47358807637120437|-0.7057753622766099,-0.2543976783567523|-0.9671584531578987,0.006190617769102496|-0.805326535296039,0.017392934241652554|-0.6423712317807133,-0.1802970565803591|-0.6815634597724978,-0.012288162980390128|-0.8224487309599591,0.15466009126281363|-0.7186071571987845,0.1442217453689939|-0.6118280742622301
0.0|0.0,-0.6317743822497105|-0.15760201077355898,-1.0|-0.44236036900529957,-0.7979552362531086|-0.7068384293285063,-0.3081590659227599|-0.6726430113623972,-0.9240680098534331|-0.7109883758968879,-0.8575720341225095|-0.9570235317209342,-0.6683073377505248|-0.7327216866944366,-0.6682732387576208|-0.6098682201818856,-0.5798998195105031|-0.7437956622249362,-0.4907509421316574|-1.0,-0.3572198738337263|-0.737327710291584,-0.4248217151793431|-0.6138123459751815,-0.25430617368145664|-0.7423876300351122,-0.12960615663196015|-0.9511591389876344,-0.1077569329719624|-0.7090345778902144,-0.20897744175245306|-0.6169833489629905,0.048003151217275254|-0.6903833991232853,0.14753575984902376|-0.8004800667350009,0.09063277148383532|-0.6283615575861994,-0.039440776516376334|-0.5794345517196258
0.0|0.0,-0.3503805495038185|0.009790782176550713,-0.6284848415402527|-0.08995144262082602,-0.7238695734268487|-0.2450956573563586,-0.7242417282731567|-0.355727116347434,-1.0|-0.5389694495991922,-0.9385491142266279|-0.7659891794190574,-0.676184431372803|-0.6303173348571198,-0.5619976594598822|-0.5038900056550156,-0.7955255728170527|-0.6982677778629367,-0.7084572811572571|-0.9898416861948669,-0.4335504319636673|-0.7823135612956644,-0.3822653020656836|-0.620281235675662,-0.5470526780950256|-0.7719466244646452,-0.3748172231469354|-1.0,-0.19811541184389025|-0.7607333587626554,-0.21284168373414294|-0.59668641532672,-0.28556980792923975|-0.7663058129477073,-0.12240157949093003|-0.8846610586035396,-0.03359008862466614|-0.6943498078448768,-0.0928170129068482|-0.5560540478637446
0.0|0.0,-0.29716976847963833|-0.4004381875207846,-0.4389683457044578|-0.6479789252668575,-0.48206333281059555|-0.7900015649554314,-0.43314718620747283|-0.8668767401978364,-0.6546352208607493|-0.5867360246219655,-0.9730903066856144|-0.7676403080353941,-1.0|-0.9173700271911006,-0.8952875491731762|-1.0,-0.49857861744131765|-0.3994209664903918,-0.7903425910396286|-0.5977806975788835,-0.8198897891146618|-0.8119846243128868,-0.6987195749960189|-0.8889484803630696,-0.3049672400837753|-0.19070155647858944,-0.5246793790843934|-0.34803369870695555,-0.45106599150742843|-0.5386684185473302,-0.3098208301116338|-0.606207656544448,-0.10376728440548064|0.018332474781395287,-0.2700669245640942|-0.07544454515222451,-0.1926946688617617|-0.16973767434581602,-0.07336755953912692|-0.20863627175451066
0.0|0.0,-0.5023367535174754|-0.26161747798397633,-0.8614878330094211|-0.5289417410566487,-1.0|-0.7329627879539394,-0.8400053209956106|-0.8398371897742116,-0.6291724592119988|-0.9070439989405823,-0.7514440003003138|-1.0,-0.7159656574074961|-0.9155103112641381,-0.6491045258191738|-0.8764250973640966,-0.3166158669468923|-0.9288294036561949,-0.5094984306590123|-0.8920127581578171,-0.4554495107556166|-0.6840241619464392,-0.37873899458377064|-0.6837487735434512,-0.011352968949269649|-0.8742035556705934,-0.21222659983845538|-0.8365505871942888,-0.21270125683327196|-0.6105097544679134,-0.16518416137128505|-0.6052762461701449,0.2597950912807727|-0.7610794924426199,0.07961186964971624|-0.7527309349962981,0.01862499628386907|-0.5883071287975007,0.02809949254027656|-0.5945033678647316
0.0|0.0,-0.49961217062911356|-0.1752821188081976,-0.8806157445879276|-0.3797264269460544,-1.0|-0.5712972148264752,-0.6519056008489758|-0.616910016919533,-0.5220099343604966|-0.9591810177917358,-0.6924952793507786|-0.8609895418770621,-0.6806415340059662|-0.6943841654038403,-0.6406210012815661|-0.6452859911254857,-0.20116437740293644|-1.0,-0.45584624368727417|-0.6947304096143533,-0.43454527129776105|-0.4746778825332121,-0.3756169451298018|-0.4902385215601512,0.07144755707020353|-0.9172467738093771,-0.21611087671176027|-0.6066981057174149,-0.24638231774736843|-0.41649996976095677,-0.19170134075330791|-0.4546587760439134,0.2798033285146975|-0.7417726155797857,0.026939072746908974|-0.5186425851143078,-0.0321073314078552|-0.3579050161556746,0.011800881978334912|-0.39747688862888725
0.0|0.0,-0.48133765343305956|-0.29130199886504865,-0.8569805232324589|-0.5817643756305986,-1.0|-0.7884615966124826,-0.8414355380296075|-0.8861147873276533,-0.637529288889427|-0.7967625663608884,-0.74206352263485|-1.0,-0.7164929051826889|-0.9183384352387278,-0.656143760709911|-0.8073440223039109,-0.2899404702290614|-0.7695650596252644,-0.32063313526761983|-0.847923573222002,-0.31174384039109815|-0.7144846403585076,-0.30713355733578684|-0.5999225894630954,0.036898772975751164|-0.6911430451974725,0.05338034229893432|-0.7800008668367414,0.014920412361149478|-0.664254979019527,-0.014722309962019368|-0.5524290075828056,0.3146031183518761|-0.5962027510979092,0.38486233534113784|-0.7491263595981507,0.3179262860972837|-0.6997353124089696,0.23052790987661523|-0.6305950027869809
0.0|0.0,-0.5683280272139689|-0.08941082254053351,-1.0|-0.40080337387039283,-0.8222957413938846|-0.7229294633450655,-0.31462372974309316|-0.692241088160834,-0.8297723496662489|-0.6265470886098528,-0.8617067675423113|-0.9164704956305979,-0.7682213650383412|-0.7194171907480427,-0.7297080068963359|-0.5788371035267358,-0.5250262067238195|-0.6871426446169259,-0.5279335067133476|-0.9944230684471798,-0.4778362908336383|-0.7679991045475619,-0.46134683667840165|-0.6245289600925232,-0.22017912336214723|-0.6877359077073923,-0.2004552574844352|-1.0,-0.20570631843841392|-0.7499101380907087,-0.2187913275446432|-0.6055647043876006,0.10364367924049622|-0.6355703746385328,0.1066065774288586|-0.8562944890770442,0.06496352650198804|-0.7064196882693274,0.037305851629459055|-0.6162669637376661
0.0|0.0,-0.5723806433996285|-0.08508228325748998,-1.0|-0.40330774221539156,-0.7923852111114896|-0.7268390147238708,-0.24971144680877203|-0.6899484692314961,-0.8508731421334564|-0.6108848590282611,-0.9049670236890025|-0.9139674138764866,-0.7903079631746379|-0.7497140488381555,-0.7210412372803464|-0.5979432693012733,-0.5375699884578724|-0.6743436491047697,-0.5503154680704098|-0.9907479148263924,-0.48790645236764385|-0.8073047848940492,-0.4582364276696126|-0.653204572147973,-0.22341806680809076|-0.6783436565166027,-0.21532238385419952|-1.0,-0.20356415541164968|-0.7734782381967222,-0.20644884972395497|-0.6133704701457987,0.12534571938949013|-0.626360501495205,0.1248102138057695|-0.834230385709139,0.08825846771694258|-0.685298602895962,0.053258515180941136|-0.576857134008322
0.0|0.0,-0.5806072854526338|-0.09655706897346583,-1.0|-0.4313785718319134,-0.7803861303346806|-0.7473245274361593,-0.22994247500935958|-0.6564461627895241,-0.8730162733401036|-0.6181211145940546,-0.8921854788630408|-0.9230896603498117,-0.7734000721864652|-0.7309974000225326,-0.7280005021667149|-0.590738831704176,-0.5600873859756494|-0.6735281047716447,-0.5528031663404824|-0.9744462397167768,-0.4694249966933218|-0.7356414055209216,-0.45415879228905076|-0.5881025729438123,-0.24405302342473215|-0.6761108963634415,-0.2193454122362784|-1.0,-0.17774403845162273|-0.751883967514876,-0.17665003239423674|-0.6076480965551594,0.10163607709155799|-0.6292856595325278,0.1122718111853152|-0.8452177300404469,0.0883499563966848|-0.6870566623774722,0.060383866100832385|-0.5877615833483596
0.0|0.0,-0.5826320254457327|-0.12993534810173682,-1.0|-0.4912842232013908,-0.7710193717558911|-0.8030117905540215,-0.1625314624518861|-0.6584538752526978,-0.8402227436426567|-0.6621637142309154,-0.7572220495406541|-0.9611810604169364,-0.6909668583821581|-0.7272390806024367,-0.7403182118810632|-0.5876015951380918,-0.5246125765673968|-0.6922215254905055,-0.41221479301971764|-0.9943323230567434,-0.3812647379823366|-0.7255162842863846,-0.42762467544304505|-0.5704106994777695,-0.19942228277762328|-0.6744128381602051,-0.10569397346520493|-1.0,-0.09939213491286332|-0.7552073519455242,-0.14436971097779575|-0.625952697938345,0.15481746519557552|-0.623379034004096,0.2074844995571302|-0.8590735764605648,0.1669432168472812|-0.6878478412814572,0.1201795550736052|-0.5767916449854552
0.0|0.0,-0.5885409279830855|-0.18506837732339887,-1.0|-0.5164455052312956,-0.7274968857812204|-0.7847265753481,-0.06477176350505821|-0.6270582822651322,-0.7444090730706511|-0.7224044561407424,-0.7274114476802701|-0.9777999253397549,-0.6547155851057468|-0.7256183326639325,-0.6819971099138386|-0.6092489171819256,-0.4035241507879956|-0.7331616005581587,-0.369952672987947|-1.0,-0.3381725473711551|-0.7409875090174755,-0.3649807450999825|-0.6440380333382948,-0.07479593109588034|-0.7093473147202692,0.00476915479504254|-0.9786854655663163,-0.028732263762226904|-0.7302461643832009,-0.07092729388485336|-0.6375302782153719,0.26184043922018935|-0.6483857323945587,0.307160225488236|-0.8757834842860498,0.22215330215412235|-0.7366425686535061,0.15994809920160943|-0.6819369480812856
0.0|0.0,-0.6124820993465824|-0.202231634515993,-1.0|-0.5257644162789882,-0.7758230796365905|-0.7866148546147378,-0.18525278175570076|-0.6545790144014965,-0.6558495714355799|-0.7521054371003963,-0.6482471960509932|-0.9938469099114594,-0.6397617607000937|-0.7325257614720406,-0.7082906014853162|-0.6575924423364788,-0.3236700953377704|-0.7415994133114413,-0.3011602426779611|-1.0,-0.32058464176499857|-0.7180967854560515,-0.3866868197459684|-0.6744091956414477,-0.0007855262266473858|-0.7088086949246484,0.05315705618644246|-0.9626874222383719,-0.021977797349418418|-0.6940092355849478,-0.07160319770497854|-0.6449751543087578,0.3345658405305835|-0.6465805002604424,0.342307800129422|-0.8561999648163519,0.23008384397405018|-0.690794863383661,0.17510109634931798|-0.6554173862671401
0.0|0.0,-0.6287618524880503|-0.21775935094726495,-1.0|-0.5415414245147475,-0.8069091644426469|-0.7938566047273672,-0.2219640186573217|-0.679770894721808,-0.678927292888396|-0.7582164018723548,-0.6073534869147643|-0.9881078627498265,-0.5910672183568846|-0.7522511638319992,-0.6551806511396389|-0.6431116362847212,-0.3404816771145594|-0.7393809130842146,-0.2697767387908296|-1.0,-0.31862887796076095|-0.7454718172913333,-0.4117693789707363|-0.6476164488729212,-0.021750023888304954|-0.6965218870940374,0.1041785645239783|-0.964505342705363,-0.005405423422982994|-0.7263615668843382,-0.1046985518131779|-0.6350531454288872,0.2941744757350376|-0.6193929164514052,0.3620333725175607|-0.8283814316050646,0.2397074738173067|-0.6792237380785762,0.13645110897289178|-0.6233167300953429
0.0|0.0,-0.628986499244713|-0.23007811872017372,-1.0|-0.5551076435649441,-0.858255641049849|-0.7947858196653398,-0.3637462235649547|-0.6885404029723944,-0.5480893598942598|-0.7508810461008036,-0.5246831334969788|-1.0,-0.5966183204305135|-0.7720325830621995,-0.6724343844410876|-0.6625016540096285,-0.22056445902567975|-0.7238623814523379,-0.20234729040785498|-0.9844163231891532,-0.2970909648791541|-0.7266480428274105,-0.3504655636329305|-0.6377477768255629,0.09344670506042296|-0.6800946279003909,0.1234298291163142|-0.9349399795459296,-0.008482227152567976|-0.694756016575959,-0.04909837613293051|-0.6150558777009822,0.41310777001510574|-0.6090470307590142,0.3895150821374622|-0.8243111590928484,0.2571575245468278|-0.6703533459223562,0.21300096771148036|-0.6158235854971489
0.0|0.0,-0.6666012225354424|-0.2350071731456056,-1.0|-0.5401090233461944,-0.7886804118877799|-0.7478492469916975,-0.337479267885295|-0.6631275444028562,-0.3713136395337252|-0.7607079902650544,-0.5346849011598263|-1.0,-0.6501437328941739|-0.7793041916465531,-0.6095454172502915|-0.679674200013018,-0.03689437317220402|-0.7406181552818006,-0.23638200423140263|-0.9801197235309339,-0.3698946251809481|-0.7133493536231132,-0.26205099953700717|-0.6222594006308981,0.29216018379056313|-0.6877257979760669,0.11319002045373296|-0.9370350751209062,-0.054748899659495164|-0.6831562581528052,0.0607311769980484|-0.5780086860945755,0.6490675676467658|-0.597115554057365,0.44969128928845625|-0.816514057619066,0.23190738385620263|-0.6643875414288186,0.28588487302861765|-0.5645437577757586
0.0|0.0,-0.6348847592177013|-0.2238525125254334,-1.0|-0.5236406800874861,-0.9093003687333684|-0.7146157499350102,-0.5220577499415546|-0.6389424367454363,-0.237710224016704|-0.7627159025750798,-0.44476637462263696|-1.0,-0.6165527438944625|-0.7776789179338581,-0.5703610616212621|-0.6748155003528776,0.09432366670689622|-0.725705583089831,-0.16898689895152788|-0.9576308651668796,-0.3586807633261792|-0.6792917246633633,-0.21192251957392685|-0.5921783479822974,0.4215316993384068|-0.6652806581259527,0.1329263115607068|-0.9047540260605256,-0.07932451490336045|-0.6474850920473094,0.10288243321824306|-0.5598618562366678,0.7665180986557985|-0.572910384978057,0.45676940956242346|-0.7986842669544044,0.22013441171034387|-0.6406980887430199,0.35618343662200064|-0.554315086588693
0.0|0.0,-0.6470045670114779|-0.2344709995406975,-1.0|-0.5360563581680313,-0.9314555200871718|-0.7474286989220719,-0.5025028978035198|-0.6878083982528145,-0.22639981278543822|-0.7860663036943666,-0.5038987798144674|-1.0,-0.6375990463758259|-0.7768432537756139,-0.534358625581846|-0.6926484616704979,0.08744602041077508|-0.7599636786596268,-0.2448214331420966|-0.975556817331422,-0.3972495548169356|-0.7013846676427656,-0.2263879290486063|-0.6444080687011922,0.4091214079120092|-0.7039293314019075,0.034548765371156524|-0.9236854031109606,-0.12411648987322796|-0.6685380020647748,0.09556809746858123|-0.600200969181109,0.7492760061868562|-0.6165099631918157,0.3167701465904645|-0.8267116529019655,0.0969959741556148|-0.67254264127029,0.2757904513260422|-0.5912780933299319
0.0|0.0,-0.678445946288513|-0.24875266586816558,-1.0|-0.5452300209930372,-0.9722813439532749|-0.726120168370318,-0.5693620430036656|-0.6436860123275443,0.07824618863409366|-0.8540363597215782,-0.5262742155456072|-1.0,-0.6678902245499115|-0.7729484868922332,-0.4950542235561933|-0.7042255791507737,0.43700586597985186|-0.8272356231662037,-0.29796439852159057|-0.961009312295967,-0.45495566292670314|-0.6891407017080267,-0.19694178129071838|-0.6447358081110325,0.707945183254833|-0.7546641358729929,-0.05974883263451954|-0.8903249818869209,-0.21087614518426884|-0.6560417661554705,0.07607014839864328|-0.6064422976451702,0.8820730180136789|-0.6518653233195424,0.14597113146994256|-0.7890745245622565,-0.029667560675120032|-0.6312223140469699,0.2667139865848032|-0.5568865826196766
