0.0|0.0,0.4008341116771899|-0.0432473044034142,0.6694175039435175|-0.2122206987481419,0.8531043630238581|-0.3838678539400497,1.0|-0.5202150874702514,0.370625952820633|-0.5166569322706082,0.4338075515615762|-0.7418629673908872,0.5108569442591244|-0.8829331040837375,0.5693913408318315|-1.0,0.15517833126563568|-0.5429394261214914,0.1487839830954323|-0.728194132971725,0.17128112136501217|-0.8217605170342418,0.15258069736123128|-0.9275414715688169,-0.041342946097863785|-0.49958773074067203,-0.012462367180371121|-0.654119046419213,0.0068192932851948015|-0.7014620069037734,-0.010481531248781309|-0.751311627570243,-0.2184120769282146|-0.4268076931193654,-0.23416044726220445|-0.5196383085447319,-0.23267702423068723|-0.5440857742359613,-0.2550900401023275|-0.5588812050954513
0.0|0.0,0.40451673099256297|-0.042205338560383186,0.6672011570560759|-0.21438503581803248,0.8437494154701756|-0.3868270527364663,1.0|-0.5149262403597155,0.35824656517387876|-0.5125643271611727,0.43892972312985434|-0.7286405253972655,0.519206968847414|-0.8542980824758476,0.5911401847961123|-0.9651346527380651,0.13736182083157514|-0.5394236694938075,0.13407225267300427|-0.7438447772259162,0.18122626440704925|-0.8721128738406752,0.1822719744552182|-1.0,-0.06785803970605238|-0.4929571168049347,-0.06529796476840836|-0.674739312435299,-0.03703301129882343|-0.7720455471015528,-0.04680848556883313|-0.8588441917438292,-0.2572804616441655|-0.4131814445256833,-0.3104478952876034|-0.5145411989163178,-0.31694337480089163|-0.5519981371159078,-0.3484733001504497|-0.5742970847137067
0.0|0.0,0.387540442758984|-0.01477366969469035,0.6526256794033336|-0.1345936844530363,0.8157298875333495|-0.2776969758777046,1.0|-0.38311179521918715,0.35629260328268514|-0.3923312259669389,0.49268577989765244|-0.6372935247250732,0.5738167782521976|-0.7775975036748352,0.6419473723811759|-0.8887701739446942,0.10951549857569298|-0.41587905730118485,0.1416294330803766|-0.6924489457487677,0.17759365651385886|-0.8649290779486022,0.18436780180843804|-1.0,-0.11252860421145217|-0.38447173302946536,-0.1526640188784653|-0.6387278795441381,-0.13785806780179047|-0.8019918394924637,-0.12792616840672813|-0.9434472124929689,-0.3047049090510432|-0.3181486527747284,-0.42602905575529393|-0.5083510414990633,-0.49875347322423136|-0.6304121090652158,-0.5613019475196335|-0.7451304635844991
0.0|0.0,0.3900111585565342|-0.018239504040616406,0.6511217471006904|-0.1441948392006686,0.8102495094193227|-0.28636215946664906,1.0|-0.38924037106602427,0.35293754691104884|-0.3948127902754152,0.47664642184389594|-0.6308314408780761,0.554700739616587|-0.7696858205726538,0.6183307468554343|-0.8814331460859623,0.09973658054915602|-0.4178266678945183,0.12007738500548512|-0.6869371067761771,0.15216808459039632|-0.8601036260427327,0.15300211973267364|-1.0,-0.12922699915453847|-0.38287286001970355,-0.18376196468842929|-0.6305128655102853,-0.17602318990652938|-0.793072484366611,-0.17374595585738292|-0.9377571321093042,-0.32389330602700084|-0.311466280704254,-0.4644935864580628|-0.4889646257108653,-0.5528814753244341|-0.6086805054810254,-0.6296649041686857|-0.7251299234967361
0.0|0.0,0.41447028752701753|-0.03974854520241342,0.6639737411684012|-0.17222499981692285,0.8097327953472717|-0.3230296405230281,1.0|-0.4325828390805133,0.3257430224238651|-0.4142970936003552,0.4313341437818543|-0.641451728547852,0.4938297211964736|-0.7782729367371924,0.5369847945430631|-0.886406455233643,0.05761266875556216|-0.4333457714837704,0.05059484475368118|-0.6921602703949606,0.06272779824699011|-0.8650989382191188,0.04617506736369732|-1.0,-0.18134078935988668|-0.3931355390024226,-0.25903751812558007|-0.6330995826506775,-0.26588246349892863|-0.7923576442032116,-0.28110523637853063|-0.926028510770595,-0.3825844297289091|-0.3139250475501282,-0.5333660433052072|-0.48591271281054044,-0.6264282844786628|-0.6025334382087998,-0.7151070649420861|-0.7099878237053616
0.0|0.0,0.3921047186808922|-0.03116843889095198,0.6500721173395646|-0.1678661652483642,0.8119810642028307|-0.31182135926900323,1.0|-0.4153606537441616,0.324963442941318|-0.40924683954788665,0.4415985558459667|-0.6393263150462103,0.5181177406978507|-0.7728201118253474,0.5838827178199371|-0.8808983065363956,0.06405620187228407|-0.4265717920822633,0.07043418243586223|-0.6936749441657819,0.08599015761106457|-0.8616489041063649,0.07886524579562385|-1.0,-0.16864297273048834|-0.3885211646991752,-0.2348809069448304|-0.6322324599484286,-0.23744374377072097|-0.7896847099235843,-0.24896956930535485|-0.9286099208383239,-0.36621206456996164|-0.3168747155985376,-0.511710974681937|-0.4912497515573432,-0.6045588703955037|-0.6085905259661805,-0.6931047849153796|-0.7241662950923422
0.0|0.0,0.37879586863524356|-0.006613361941886679,0.6366075241759718|-0.12946350596908643,0.8000424342920117|-0.2710672259598285,1.0|-0.3716189901102928,0.340236439937887|-0.38713973870527874,0.4682872021419839|-0.6214544038928453,0.5502867322295921|-0.758666623064311,0.6205544929767419|-0.8734440782466242,0.07551800185522434|-0.4105437255998979,0.09178466273760606|-0.680956493721641,0.11655221741960498|-0.853316859078961,0.11675026234344836|-1.0,-0.15889591732166705|-0.37344724702247034,-0.21594898698153106|-0.6190310931271111,-0.21650930920508796|-0.7829625992344407,-0.22206331641126192|-0.9322023085081294,-0.3534535917766425|-0.29917181719492697,-0.4917735255587318|-0.4772291345194357,-0.5850085734403985|-0.5963547416674504,-0.6664367534923076|-0.7172906915815259
0.0|0.0,0.35933693270586026|-0.010703269406434785,0.6214397432212155|-0.15063438166665336,0.7968118023755164|-0.2911159242674351,1.0|-0.381171364816226,0.3480115015497218|-0.3916832016610355,0.4856457289945176|-0.6227706974523585,0.5778781881324919|-0.7606716863258141,0.6607756685427751|-0.8748535553248745,0.09877863337898406|-0.4146514878038282,0.12799512287048945|-0.6848629105008331,0.16391636278687657|-0.853864365832728,0.18306534884589365|-1.0,-0.12666415978504503|-0.38405388159970133,-0.16632939556073528|-0.6319450577025969,-0.15924922079692783|-0.7948091488962629,-0.15153404654983904|-0.9447980423510388,-0.32174187166792445|-0.31725889640856547,-0.44447454053288893|-0.49528311320371937,-0.5268671129842284|-0.6166823025205644,-0.5973833192791644|-0.7387360331798882
0.0|0.0,0.37859698072445436|-0.03391522392008505,0.6403388380135544|-0.17869719928842856,0.8043512158229865|-0.32676385671989727,1.0|-0.4235749968658258,0.33402082201852|-0.42290277344467764,0.4375902517217976|-0.6513789269768625,0.5180859365878314|-0.7858923689986891,0.5857542953605059|-0.8982627647786648,0.08197869437913971|-0.4424046768122234,0.09820404252386186|-0.6970257488229763,0.14682490958820735|-0.8626587144975678,0.16878474950227376|-1.0,-0.14500415054345|-0.3997475112632013,-0.19474984501373596|-0.6444127080598138,-0.19462659044531339|-0.8124001430162078,-0.19321250556481664|-0.9706016990177,-0.3416481047232582|-0.3189929607206559,-0.45911968931939373|-0.48801699321415426,-0.5444589303348983|-0.607996387811496,-0.6160066536751895|-0.7355199886072978
0.0|0.0,0.3915246318379189|-0.04456656034571458,0.6494972541620576|-0.2001662722502315,0.814889227234395|-0.344880749048256,1.0|-0.4509933943821381,0.32639518617505714|-0.44016561374627017,0.4395447257469822|-0.6623569503035291,0.5269587742416643|-0.7936623932503344,0.5953981472388815|-0.8995458792056796,0.07854776446709649|-0.45444593065130157,0.09915676082049474|-0.7074532770861199,0.14808081326385159|-0.8676367527523408,0.17217136718223564|-1.0,-0.14352012816630005|-0.41178771478547177,-0.1883935695480394|-0.6483937853688652,-0.17628833013713807|-0.8044863051754295,-0.16160873556588287|-0.9475132832595946,-0.3442150438320607|-0.32929873443769936,-0.4798307446756538|-0.48641185307130363,-0.569768131097186|-0.6029318242617553,-0.6358134294855822|-0.7255767054223685
0.0|0.0,0.3981840044590947|-0.06506800012974166,0.6468140227672691|-0.2283448463080588,0.8180927349740408|-0.3705584851286815,1.0|-0.4650278313441476,0.2916882558384705|-0.4571099149952441,0.42012249984864963|-0.6770428040432743,0.5172416240624106|-0.8013185395882236,0.5986839825393876|-0.8958891865597225,0.05225992179883554|-0.4664345377418016,0.0635241461230301|-0.7223395010154842,0.10856476020884262|-0.8759978883425998,0.14527964327242437|-1.0,-0.16164510532941145|-0.4231722443597928,-0.21124710607676908|-0.656403973354386,-0.19085572448807045|-0.8085051411731491,-0.15487974431183602|-0.9452542912614037,-0.35554902603434924|-0.3431935398878118,-0.49041232012792757|-0.49921204309404466,-0.5634350059809486|-0.6137526801160197,-0.5903573121011396|-0.7280379082128869
0.0|0.0,0.42056735300272224|-0.08387906340381775,0.6572047729245147|-0.25009564040544846,0.8243859583358443|-0.3901249749058362,1.0|-0.4887037656449475,0.2678924170249555|-0.46633179125285507,0.39371763597221504|-0.6798780706221809,0.5014953942426729|-0.8044010825077001,0.5995688671398088|-0.8986987810405453,0.026209850574456302|-0.47450456837162636,0.05644656557551682|-0.7224178722346072,0.12097960066828915|-0.8753210500751353,0.17364722930944246|-1.0,-0.19776464302474386|-0.4347907556682562,-0.23832308961784052|-0.6712723445519038,-0.21050538773724525|-0.8273195166446146,-0.17019000498702|-0.9637243066408908,-0.4061536315327708|-0.3593422168928577,-0.5386146476036918|-0.5222758961820414,-0.5962723804977624|-0.6365770462071714,-0.616860682780451|-0.7454213996660904
0.0|0.0,0.4098767030753712|-0.062330203509753344,0.6653788355537887|-0.21983465803731445,0.8371765507378103|-0.3628188418746309,1.0|-0.45847221358941687,0.2923208920201346|-0.4712459598470958,0.4347977506497234|-0.6799060988179962,0.5333501314292926|-0.7989497868560359,0.6062325609783255|-0.8937329717914453,0.059029258379184435|-0.48034196916016614,0.0817177194069145|-0.7279952489355751,0.1428022358238229|-0.8749739397188468,0.1800362739898667|-1.0,-0.1545032368638752|-0.4368316590007355,-0.20136384180977351|-0.6718413320591312,-0.18242855929246748|-0.8220240615708944,-0.15947812632223146|-0.9574359532171013,-0.3429313763414077|-0.3552678349442148,-0.4643132561720631|-0.517823775522889,-0.5280379054121486|-0.6379193439154262,-0.5610765778731961|-0.7504988682392185
0.0|0.0,0.4112096558375789|-0.040182350587105065,0.6787098114159248|-0.18713443387695883,0.8356350900745639|-0.3315250546636852,1.0|-0.4326972526098755,0.33494409101882333|-0.43073212877689127,0.457325004224217|-0.6527734944922237,0.534052198413544|-0.7843611264681161,0.590840317661119|-0.8890486627155211,0.07784090394583291|-0.45136019179954506,0.10178917987766051|-0.7086325177689716,0.14867432799306246|-0.8696269133329171,0.1729065946144653|-1.0,-0.1515176065557536|-0.4125117041441796,-0.19646028918112998|-0.6567930432920089,-0.18734869644612817|-0.8156073770053571,-0.17707859895100697|-0.9557913656113972,-0.35490493729566497|-0.3390135450862217,-0.4840862137162879|-0.5086950119330095,-0.5737827656184764|-0.6271513861257135,-0.6398680156160199|-0.7465022683236323
0.0|0.0,0.39424927347774746|-0.03292884482347397,0.6503113210964644|-0.16697987205528284,0.8093149134001242|-0.3029633718646564,1.0|-0.39948942109721386,0.3453876371373512|-0.4138519251953118,0.4753703184760479|-0.6381408011651537,0.5598207057762719|-0.7733997885884231,0.6231463429695564|-0.8787264669459665,0.090819082398125|-0.4371332418743929,0.12181229739446775|-0.6957663620214745,0.16037658468941748|-0.8649679017359782,0.1746512008099435|-1.0,-0.14246593186391554|-0.4008098780930234,-0.1915040019490298|-0.643352988269509,-0.18538437874393815|-0.8026876928825704,-0.1826577266061524|-0.940402242419817,-0.3435205364186465|-0.32707592866730106,-0.46765246831747337|-0.5025028684624728,-0.5468348067740798|-0.6236432184865958,-0.612941997031033|-0.7415133317366754
0.0|0.0,0.3795673612458207|-0.002652423796068965,0.6398504730530451|-0.11514846964841548,0.8063461702990963|-0.2535322321318651,1.0|-0.35188744088905677,0.3694662450456281|-0.38181786466298584,0.5288825376549208|-0.6125415835443051,0.6270398797820966|-0.7463246973294954,0.7057680367091534|-0.8545178925390978,0.1339897655530642|-0.4192968108184809,0.1955999163082803|-0.6858991991739815,0.2467867208008654|-0.8588740801470087,0.2645156426431336|-1.0,-0.0829379012522416|-0.3982594034914579,-0.09918366690017899|-0.6482275354934022,-0.07127400313250991|-0.8112975072181016,-0.05612935961434042|-0.954122578409532,-0.2719186326738234|-0.3411801289949471,-0.367376916841095|-0.531192564223241,-0.4224590287525105|-0.6565955686039167,-0.47388267742348095|-0.7768790629600942
0.0|0.0,0.3843630927971242|-0.012282008543170846,0.6431872434692998|-0.1315320776639029,0.806075121025065|-0.2743657530486834,1.0|-0.3777290895253743,0.3488190111262716|-0.38977943199522447,0.4920849424550368|-0.6284351655957516,0.5774183097150662|-0.7646557433726233,0.6485990162536178|-0.875699694723085,0.09921188401043525|-0.41877425227879383,0.13598255517169203|-0.6898991233250332,0.16620235310684592|-0.8609518324954885,0.16898875730869048|-1.0,-0.12338953488068115|-0.39002929438557693,-0.16472288192411771|-0.6403282278623691,-0.15671345123208805|-0.8032339572929069,-0.15422437037077058|-0.9469552085862355,-0.31400725810541597|-0.32550886084821457,-0.4326997464734681|-0.5154777367218695,-0.5005902896567205|-0.6385314257976937,-0.5565832807730965|-0.7571432759469793
0.0|0.0,0.40899426282988727|-0.05539295136056786,0.685719171147659|-0.19804756733783338,0.8519261142484307|-0.34378961400995445,1.0|-0.4551358119517405,0.3507739105001462|-0.4358567910527288,0.4806002654847346|-0.6596266173816133,0.5545427137939568|-0.7865469821667604,0.6121449816635544|-0.88896769293813,0.09399923504398497|-0.45501417923577303,0.10825567529867032|-0.7105149207245041,0.12242185074358225|-0.8695351793988393,0.12186811258352645|-1.0,-0.13523072423335658|-0.42192725547468857,-0.18524858820617815|-0.6590222204923347,-0.18353859653069948|-0.8051337952028371,-0.18601507413323734|-0.9306497337185193,-0.337729160573267|-0.35327382694662174,-0.46133300335230726|-0.5303952309930833,-0.5366357234459018|-0.6430052320901318,-0.601777847773753|-0.7480139731664104
0.0|0.0,0.40102966273679513|-0.042886523707786554,0.6679448136997692|-0.18149641733979843,0.8296647086995126|-0.3268959753819889,1.0|-0.43444110582307516,0.34726386399410325|-0.4215101338335564,0.4662175350136271|-0.6538375638073534,0.5373160080840776|-0.7886097714542172,0.5932762807838466|-0.8981196837387057,0.08615779726595457|-0.4378379743247437,0.0940110890407945|-0.70024533301187,0.10892808921187547|-0.8635836050431736,0.10591545752107154|-1.0,-0.14640659682351767|-0.3998730979971801,-0.2072178455885669|-0.6427912250278769,-0.20729024004101562|-0.795216820787167,-0.21198939772745323|-0.9280037207211096,-0.3416516050297438|-0.32533340283892326,-0.4802728312292688|-0.49765866619315985,-0.5692959151087861|-0.6108978520329164,-0.646576034533158|-0.7200704721520153
0.0|0.0,0.3978975773528521|-0.036484708805101414,0.6689062666930281|-0.1779772386838956,0.8355471163741461|-0.3287854520359574,1.0|-0.44473609618283605,0.37137611667850495|-0.4221565446845275,0.5061535489154895|-0.6536606558716854,0.5761132612748409|-0.7896573629963713,0.6321708554960419|-0.8990172258251218,0.11007602210384587|-0.44167743660443926,0.12728825330912732|-0.7054759391576794,0.1465197483041057|-0.8684063012939677,0.1486281041639324|-1.0,-0.12081241453404284|-0.40713770804893096,-0.16605794908740243|-0.649456153536002,-0.15783153093222224|-0.8023873181085958,-0.15233992952620104|-0.9365460914713062,-0.3215566572054456|-0.335117029108645,-0.4415719371056925|-0.5062576424223416,-0.5055979673864818|-0.6125856485297643,-0.5591497180503538|-0.7122896377762932
0.0|0.0,0.4061003346572809|-0.06527095360030746,0.6731558333306514|-0.20821665851262355,0.8432913835520015|-0.36355145056671695,1.0|-0.47595553474741137,0.3867206482944616|-0.452035218962575,0.5151571381216434|-0.6742280802636568,0.5914836411484552|-0.8011847118776161,0.6516064606923668|-0.9060521839660517,0.14747328925487607|-0.47322076237451205,0.17162451995599204|-0.7197984063497633,0.19039254531252228|-0.8749836151349466,0.1927236983238631|-1.0,-0.06792112956832015|-0.4449724420699692,-0.10383506485565232|-0.6668059783446474,-0.0887522694765802|-0.8047502443309529,-0.08034496503776216|-0.9180645256696736,-0.268453252575445|-0.38099044409120153,-0.3690806832544007|-0.543494393685666,-0.4145521435950532|-0.6440865096099121,-0.45254831933449224|-0.7339004232230967
0.0|0.0,0.40893863936259545|-0.06015338879351602,0.6877352248058416|-0.21121321464922066,0.8683089353501817|-0.3679842471063019,1.0|-0.488808973076154,0.41505148535540565|-0.4605287409307183,0.5749321848287497|-0.6861173319788516,0.6540573014011911|-0.8119924068673162,0.7165662499080964|-0.9152255928172816,0.1828420844893837|-0.48020843157043314,0.2247990697422443|-0.7300425323434033,0.24523436381436636|-0.8809455179816449,0.25034671836485145|-1.0,-0.02868059344562984|-0.45504762925915304,-0.039630083235625314|-0.6771345511407504,-0.009697279266938315|-0.8141469250043143,0.01721634684219284|-0.9245344979997785,-0.23238082523614384|-0.3974210584601562,-0.30953591592079654|-0.5530992182642155,-0.3429218761487948|-0.6514729401710138,-0.3631758783080453|-0.7375941070653622
0.0|0.0,0.4475709248477477|-0.04568710900863339,0.7201781095511611|-0.17949926882374587,0.8694102578205322|-0.34739202148163495,1.0|-0.4852125830494726,0.4333228786150197|-0.42965035527386547,0.5945530037855511|-0.6767929988890317,0.6803013999223233|-0.8170753474289081,0.745838865519139|-0.9268320270058835,0.18371994501613442|-0.4437113160560711,0.23058629011663856|-0.7095524921615982,0.2550923469033888|-0.8744678321782234,0.25584947823706633|-1.0,-0.0388809953595619|-0.41050761026426363,-0.0472139794398516|-0.6403704568081556,-0.017426899930399236|-0.7897079403206336,0.010783843121374212|-0.9129422130384504,-0.24718701745677557|-0.34904072997000996,-0.31681871402319767|-0.5092649165637426,-0.3506817612952393|-0.6136094059072748,-0.3671964509838221|-0.7076483745860092
0.0|0.0,0.4461546413412249|-0.02820369660155485,0.7252673256143954|-0.1489883702286594,0.8815932860268018|-0.31317245456520887,1.0|-0.4478921979092166,0.4824763710622625|-0.3969306017130383,0.6384582288622168|-0.6553042453180368,0.7208279711872688|-0.7956078962655885,0.7927415885097485|-0.9202298780377911,0.21933167519584895|-0.4044864372872838,0.25823321734028304|-0.6858142674876356,0.29408736951978304|-0.8529363069226465,0.30569066275886064|-1.0,-0.027018994559924344|-0.36590959835029274,-0.024733990494344802|-0.6085199577282591,-0.008386005600401628|-0.7663679499746424,0.015301080214195502|-0.9090618760685713,-0.2534246345883906|-0.2973538887471053,-0.3310799557596029|-0.4616502171249856,-0.3758896296852873|-0.5703119740019642,-0.3851635301003641|-0.6710178508179574
0.0|0.0,0.40622254374013683|-0.0410112419022369,0.7224605215904072|-0.1858191010006871,0.8951718240286403|-0.3558600014590601,1.0|-0.5069641398639595,0.562432897721359|-0.4447257890187591,0.7132317019997768|-0.6819692912980687,0.7927122119817829|-0.8150206381508768,0.8507162421036149|-0.9200357100448739,0.320751001669997|-0.45971274897674996,0.37814718477517867|-0.7115964177366235,0.3962740595366579|-0.8682709161149579,0.3988629767953874|-1.0,0.09473388349778568|-0.43331245952810976,0.09607311604931788|-0.6475991526947437,0.10567255119464326|-0.7826554352409956,0.12034034744563601|-0.9029697945835389,-0.13203102950015425|-0.3793104948027343,-0.17737740149971543|-0.51580351663029,-0.19698521476011024|-0.6045805132428579,-0.20337393773283613|-0.6931773840430852
0.0|0.0,0.4291656590562054|-0.053035565372287,0.6991589372662549|-0.1900396922361492,0.8592632878732395|-0.34981948990943745,1.0|-0.4769850813832786,0.37394077520695906|-0.4355908794739104,0.5081819285516171|-0.674128705285554,0.5837164885211371|-0.81223099630952,0.6325330685415295|-0.9240893595491866,0.12549354816739922|-0.44885427359880076,0.14641647657786863|-0.7068806537250142,0.1777849283848062|-0.8678181380456846,0.18124827883682434|-1.0,-0.09592241021080362|-0.41591603864295934,-0.12391190408272243|-0.6439240448463346,-0.0986913731106687|-0.7875060926926369,-0.0870188516103178|-0.9137959145445771,-0.2867400108377759|-0.34887330535662076,-0.3926952601016856|-0.5136675723976558,-0.44573363747541017|-0.6284343038557793,-0.4882335116269199|-0.7336395282148168
0.0|0.0,0.4080689989770129|-0.052614079683372034,0.6689698294018535|-0.19231434254055296,0.830035202792153|-0.3430905874474869,1.0|-0.4622754969799742,0.34696582771693346|-0.4341469468255581,0.45537895655313515|-0.6756379034058162,0.5115832606210133|-0.8159814833940225,0.551377835780479|-0.9296164084180928,0.08413730593332532|-0.4437885415590862,0.07636203965579492|-0.7044290935258509,0.08442784179805031|-0.8676280887384521,0.0735754340173306|-1.0,-0.1466487769286316|-0.3991398007082818,-0.2109427653748947|-0.6380349176947192,-0.20998070616199302|-0.7885447240332752,-0.21625327205439884|-0.9197502690204988,-0.34422181520038514|-0.31916192202236787,-0.4806905539174389|-0.4893386260131995,-0.5548264682873992|-0.5963936261298028,-0.6204078408954146|-0.6952737346041984
0.0|0.0,0.4031722574092993|-0.06471214944340929,0.6662444468368144|-0.22095329097192362,0.8352251040241753|-0.37739381778223685,1.0|-0.4931417514691128,0.283866296468335|-0.450941665472266,0.3931773165188207|-0.6818327679836924,0.4568165101630132|-0.8136777188540124,0.510499910788024|-0.9209639609510615,0.01762247072755566|-0.4597219435287373,0.005226240818130282|-0.7165214275476566,-0.00014351082626852277|-0.8740665360788623,-0.02295025133686216|-1.0,-0.2083514643185974|-0.417548612106445,-0.2962966866596853|-0.6495829949198159,-0.32036011148109195|-0.7961538706543723,-0.3422848015165283|-0.9238558438042457,-0.3974535627197833|-0.3403774306053223,-0.5576379002587524|-0.5064045355374006,-0.6464737366718437|-0.6077169429713503,-0.7268417755968732|-0.7053648495851449
0.0|0.0,0.4039083115816805|-0.07107113847457827,0.6578845819715742|-0.22864798050549165,0.8244549906429266|-0.38006898419014207,1.0|-0.4915453949717667,0.26168932734382055|-0.4549822045903132,0.3582491300997661|-0.677137195349257,0.41774917811027784|-0.8081408407595324,0.4695102918328195|-0.9171012513685004,-0.008178090656547775|-0.4626092347777634,-0.03588920823225296|-0.713091535506453,-0.04936039856023442|-0.871987631503565,-0.07559660288425163|-1.0,-0.2416843471418769|-0.4180642832197331,-0.34229798119826843|-0.6467980427011352,-0.3728588283368751|-0.7923828583312732,-0.39896412937036657|-0.9175927735333012,-0.4410490159361723|-0.3369500198162776,-0.6098983362011675|-0.5022317444995115,-0.7097246547390167|-0.6088858543170055,-0.7996716137873299|-0.7068127969989131
0.0|0.0,0.4054687934688836|-0.06859319332665233,0.6569150047294146|-0.22464778117433815,0.8164457713373798|-0.3741592251721913,1.0|-0.4794352705079683,0.25302954955142276|-0.44803404534965197,0.3452834558668517|-0.6717534660577664,0.40035336321730336|-0.8031923900930316,0.4455782332570736|-0.912817996570364,-0.022678760414001378|-0.4561668172939932,-0.05854202729294781|-0.7080512092967228,-0.07653016727283649|-0.8695124562387148,-0.10756939282326507|-1.0,-0.26028135058910234|-0.40934925841531644,-0.3683529489001825|-0.6371330153866918,-0.4002236003272181|-0.7839081768249189,-0.4324444575362494|-0.9092296657839254,-0.4591662753564677|-0.326143690270694,-0.6354270209848156|-0.48834346309987886,-0.7474620669765188|-0.5950783493347276,-0.853409712463533|-0.6954113639646037
0.0|0.0,0.3970617206637486|-0.05129342785016057,0.6293756717623522|-0.19269487608977573,0.7921499065870544|-0.3353727328586086,1.0|-0.44149188821379187,0.26241935465143057|-0.4308030411312959,0.3560436259936858|-0.6553884272833904,0.41971827878664963|-0.791951085547264,0.4707954401632704|-0.9081100185988177,-0.013354741998746754|-0.43850527712465426,-0.04556072731663911|-0.6911134333281278,-0.05682156405047202|-0.8594114087992241,-0.08973032357996648|-1.0,-0.2536462399305799|-0.3887785349307981,-0.35724462193398665|-0.6188884299591293,-0.3886940339955776|-0.7739546334148542,-0.4221272374500182|-0.9124710675598121,-0.4508010639051372|-0.3030228876217238,-0.6295645489840302|-0.46379928001542525,-0.7448828980577771|-0.5731953235868328,-0.8530534247736473|-0.6816104250678786
0.0|0.0,0.3870998333755348|-0.0516087095759064,0.6198597016312507|-0.19539504726106466,0.7805171712343771|-0.33838295292068576,1.0|-0.4408897199495702,0.25788289249450197|-0.438392357910251,0.35120757690852344|-0.6586139585124878,0.40923556640463854|-0.7943102590975416,0.4512852464799752|-0.909135975116858,-0.016790852629812027|-0.4484679986301256,-0.047896709901779765|-0.6954614377570251,-0.06070517142783985|-0.8630512087792601,-0.09251451207102736|-1.0,-0.2566232039504318|-0.398921561196521,-0.35924746815215647|-0.6228630931145556,-0.391455398793893|-0.7786166252437063,-0.4244415425044122|-0.9142659405644343,-0.45391738195695075|-0.3094603480481075,-0.6263336832731607|-0.4655596821986564,-0.7385585324149546|-0.5743591412331807,-0.8493252041078574|-0.6817892020402081
0.0|0.0,0.40229518834069483|-0.04960258531342803,0.6246472379862873|-0.1834292666127194,0.7805422734852858|-0.3260499671025618,1.0|-0.4267354413012,0.29725166476488263|-0.42411581845807583,0.37359446119710077|-0.6517759910048958,0.4391657235409802|-0.7973074737072053,0.4875793793407809|-0.9233393934731613,0.022721999554600036|-0.43100220820199514,-0.00861035405413959|-0.6842293868417388,-0.019407420006147064|-0.8577874744342923,-0.04311836669076176|-1.0,-0.22274842454810057|-0.3842250373037798,-0.3179293677980486|-0.6123443457791792,-0.35599825024216436|-0.7835911732943562,-0.39488764717954455|-0.931626805098827,-0.43875109772451876|-0.302504197791019,-0.608675358373199|-0.47213147160124996,-0.7012404990887163|-0.5865930523596731,-0.7935334293642061|-0.7011668609352091
0.0|0.0,0.4213280855306087|-0.03791381540911103,0.6382985168456334|-0.17513080557423702,0.781447343714826|-0.31681691880645235,1.0|-0.41176044684263996,0.32147487600613717|-0.416946971730802,0.4055682866179993|-0.6510025089158947,0.478878251045947|-0.8000547215863056,0.5403545171527004|-0.9266011682950859,0.021851966733024954|-0.42605872128806554,-0.011515220045665842|-0.6791161178293925,-0.01918369972166866|-0.8566228089490943,-0.044568908013722576|-1.0,-0.23945012184128164|-0.3781216827941084,-0.3426774375258699|-0.6097606125500201,-0.38149796827458426|-0.7849930154919813,-0.4219496887315747|-0.9377805279563196,-0.46477319056100935|-0.29351720051729235,-0.6495219195007257|-0.4588925024377148,-0.7552781809184831|-0.5741851953310992,-0.8576258948772717|-0.6916757917690208
0.0|0.0,0.37052849777100644|-0.04177128431361046,0.6025862471229462|-0.19092101335064576,0.7654437140712071|-0.33553062983082577,1.0|-0.43256871195796,0.2851368561459789|-0.4296363216826429,0.38185992640963784|-0.6553260811467919,0.44413801815896625|-0.798477894714886,0.5001043269903788|-0.9251054976084602,0.010104922602651119|-0.43602158317461437,-0.02584236457313379|-0.6850172863551212,-0.04097091629067852|-0.8545861964673782,-0.0630600699635766|-1.0,-0.23749005574096252|-0.3854961483758518,-0.342590203961163|-0.6092316599724409,-0.3809385293991562|-0.7671508573432463,-0.41071772037559234|-0.9111385528739543,-0.44702749642158424|-0.29570389751251175,-0.6207990840469616|-0.45160749414336726,-0.7352684599022058|-0.5610223979537962,-0.8416996308342024|-0.6771487193626732
0.0|0.0,0.3753845717090646|-0.04551344784022074,0.6096969520264356|-0.1887804331466906,0.7641195051011199|-0.32675983115228036,1.0|-0.42041058944455545,0.28828160920973356|-0.4322430943557141,0.379610712438093|-0.6581295105489627,0.4399768897315254|-0.8017420230205171,0.4937938148957266|-0.9242977281798256,0.004551080924878776|-0.4401863669351104,-0.029725697916488835|-0.6885956941922126,-0.044985898477864265|-0.8583802564136491,-0.06941376683757038|-1.0,-0.24567607989385543|-0.3842307297423185,-0.3575725164277985|-0.6102408356163305,-0.3989490659120279|-0.7671676168524133,-0.4341289252977068|-0.9077668577645716,-0.4478466190202804|-0.28437706376274224,-0.6208358405583293|-0.4407358941424017,-0.742361555623374|-0.5499375522038286,-0.856524900796372|-0.6612061762101449
0.0|0.0,0.35505693902439706|-0.050626792305191966,0.5965697988000475|-0.20578409082229412,0.7650153171421187|-0.34747080754408255,1.0|-0.4461343918065078,0.2824961180678823|-0.4393612497994995,0.37408670925520526|-0.6676153207032838,0.4318701199859807|-0.8124670181897494,0.47883087652348094|-0.9387593662400354,0.008451841498795947|-0.4401520494338883,-0.023324804122223205|-0.6940572909638539,-0.0314499120825172|-0.8598178224409553,-0.05442553249124768|-1.0,-0.23190604026596592|-0.38087755166124787,-0.3375822608736309|-0.6123052598614446,-0.3699195114841922|-0.7671591554280273,-0.4020451552800678|-0.9090789195629979,-0.42709936503112506|-0.27833193725542116,-0.5950255607302282|-0.43862934852809254,-0.7119126751275996|-0.5491476286619463,-0.823204779178409|-0.6607392338629943
0.0|0.0,0.3494039447174891|-0.05745151097959162,0.5963022738677605|-0.22901552035475098,0.7693165674657941|-0.37429813780358934,1.0|-0.47183830135897614,0.2801516179271026|-0.4602067387913922,0.36778006346130593|-0.6858045106965083,0.4291586572762832|-0.8344264572201211,0.4804910256941689|-0.9651183235836599,0.0025440300775491733|-0.45095764826272955,-0.030278122200931765|-0.7037341512860953,-0.029323585611540474|-0.8668503192160876,-0.045839437279954674|-1.0,-0.2351505759024688|-0.3815573806522171,-0.3442899055797697|-0.6184023546911841,-0.38861052748605013|-0.7802295261254323,-0.42509886817595643|-0.9294760143968126,-0.4292770908735261|-0.26776506539929706,-0.598565597217651|-0.4213244434598066,-0.7216933673938171|-0.5272495019666383,-0.834548742206544|-0.6371229584148737
0.0|0.0,0.33546473845822133|-0.042755029221754726,0.5879063532238208|-0.2149183438278821,0.7607599423491206|-0.3557075253510927,1.0|-0.44824641198018433,0.3125129710100297|-0.43687230151618367,0.4127170336398311|-0.6728260488485652,0.4890794433438444|-0.8240171986698569,0.555776097185691|-0.9582457635712555,0.029272717596020986|-0.43110673979613573,0.006781752424441708|-0.690375877378332,0.00928366748795721|-0.8531316077864864,-0.006581319001759825|-1.0,-0.2198417023530592|-0.363206450010122,-0.33110696557711644|-0.6034766405028638,-0.3762825184984968|-0.766325296958095,-0.411748920748722|-0.927849615874257,-0.4181499469678461|-0.2497918117261739,-0.5885319779363667|-0.41526124659632435,-0.7118431925658271|-0.5240569137167516,-0.8229991903851892|-0.6411111240960444
0.0|0.0,0.3424263906382787|-0.0609777393157389,0.6022791392933896|-0.24463484297920965,0.7761436193662529|-0.3868124250890586,1.0|-0.47987639433891893,0.2797719630412061|-0.46446954242415067,0.3582776174563138|-0.6877936124942284,0.4220976559347079|-0.8360535568897913,0.4800109757186458|-0.9636305576361376,0.008979472535445066|-0.4520583735617832,-0.03623897837831893|-0.7042925961334702,-0.03809812120973745|-0.865711919940406,-0.059125532731520464|-1.0,-0.21429950849732757|-0.3776705492591624,-0.3479725957481393|-0.6045846628023326,-0.4200946059226752|-0.7637455057874015,-0.48437563204052364|-0.9170676786980781,-0.39631105499808095|-0.2583038010036923,-0.5720533187288671|-0.4037817480126656,-0.6918408543165351|-0.5014370738327032,-0.8105486200289342|-0.6055707950731383
0.0|0.0,0.3722356798682009|-0.0500589197494524,0.6007426711207465|-0.20426583527056538,0.7722073387864644|-0.34875058668371495,1.0|-0.4525203802651113,0.2824429338560522|-0.4339171140383398,0.3814828469533852|-0.6588826266044806,0.4435865058637867|-0.7992622138061963,0.49991655853907524|-0.9166774515919036,0.0175160614282651|-0.4406715586438824,-0.007444307387672023|-0.6899522933292075,-0.014474823750388076|-0.8596672826237501,-0.028381609108906036|-1.0,-0.21818580199785906|-0.390514196043019,-0.3149125661716992|-0.6162501415014627,-0.3508531386297274|-0.7751176043388809,-0.37665016837578924|-0.9194369328386215,-0.41254235133825035|-0.2999352580127129,-0.5780415395272449|-0.4545252411038963,-0.6914622116882253|-0.5639606883798837,-0.7954005082488178|-0.6766512369255081
0.0|0.0,0.47635753611133563|-0.07933215232786593,0.7107890749248562|-0.2211252142987339,0.8396844438532929|-0.3580338190911298,1.0|-0.46213264724139463,0.19572016157106029|-0.44603384597034385,0.29304044176842287|-0.6765770328875583,0.36391609352894794|-0.8079097127200001,0.4234168575357931|-0.9020618877104033,-0.1076532420810261|-0.44773933210192934,-0.1498458939961981|-0.7103395936702811,-0.13460126861411512|-0.8759736785296398,-0.12791886571871694|-1.0,-0.36104309685926683|-0.39312194511432486,-0.4794819136255418|-0.633763232763074,-0.5015926090213266|-0.7968229608966234,-0.5141929624818863|-0.9391271479221948,-0.5661451733923241|-0.3091746317337681,-0.7802333196081513|-0.4667783834000694,-0.9120425425485945|-0.5767584675824079,-0.9971795705651487|-0.6873747491623345
0.0|0.0,0.49146565110083196|-0.06937126689389807,0.7653399584838431|-0.22253717910045653,0.8851002762295483|-0.40247565215167397,1.0|-0.5432764414006788,0.42182219970252205|-0.45294828015677074,0.539724555008908|-0.7083695498709167,0.5893538189960935|-0.8449616008357743,0.6268883476896422|-0.9580428565572866,0.12886510517971267|-0.44849947045904176,0.09975737565584086|-0.7124469977322404,0.08424340890145633|-0.8685499091039354,0.05896144227783135|-1.0,-0.13488867458851606|-0.40087967210851894,-0.2095281868553963|-0.6249051888707763,-0.23988218564587044|-0.7666942034971774,-0.259103316389075|-0.897834680220673,-0.3692870662460568|-0.3239769419333728,-0.4943305928311077|-0.4728529242467398,-0.5654334515617594|-0.5677574194416329,-0.607815629035158|-0.6627527406328356
0.0|0.0,0.341190838046366|0.01341972987762881,0.6415160082079282|-0.12403940503259772,0.8574477325466375|-0.3123437337836945,1.0|-0.4892957641830756,0.48225509335623507|-0.4193023568483522,0.649572162281337|-0.6911617891951052,0.7599663124064675|-0.8161079805451509,0.8461274571978921|-0.9163359523158063,0.2585459238432334|-0.4561133702554039,0.27278237441010283|-0.7140104161752635,0.31635719058691497|-0.8704805156667201,0.33763275222690853|-0.9864632178811009,0.038831581884234495|-0.430970430893772,0.010115372771196717|-0.6552211491286831,0.03709165601297825|-0.8466934068629763,0.077780808261675|-1.0,-0.1371791510487816|-0.35634888997914876,-0.21859803947359027|-0.5230141807168669,-0.2827740395471303|-0.6467422326845239,-0.3147495780982919|-0.7461663179669589
0.0|0.0,0.3524674556701464|-0.016776766848294877,0.6528846204355954|-0.16282983459976905,0.8632740417554989|-0.3588519162218839,1.0|-0.5473847170750091,0.46087176104466043|-0.4273126243013784,0.6324908991442831|-0.6758277398102635,0.7462242048617442|-0.7957663135955866,0.8382132005370087|-0.8943635414122668,0.24343466407317607|-0.45451309763928205,0.32209825096974487|-0.7288261761046888,0.39173696331966795|-0.8896668146470954,0.4212024611145256|-1.0,0.02979080976791411|-0.4277571889253791,0.0518906366434108|-0.6628603158253911,0.09092150713622654|-0.8205476123600933,0.12956759397463694|-0.9444939998112533,-0.15047348463529414|-0.3571863572267495,-0.23092947671674294|-0.5104531903745152,-0.28525151080583566|-0.6255928099713127,-0.31785549994859547|-0.7217020467052164
0.0|0.0,0.43896420063229263|-0.07228961239597906,0.7101312707865275|-0.22467219888101828,0.8639822928477291|-0.4007184782527928,1.0|-0.5505118139452835,0.3485664102455569|-0.44580353867813394,0.4717786096384146|-0.6858361873057712,0.5576873525448484|-0.8179332372621667,0.6241292414995354|-0.9274755012252404,0.07772193836770204|-0.4422246577235495,0.0881560405808084|-0.701843201858401,0.11507666126811122|-0.8664651636190143,0.1280002153394864|-1.0,-0.1620501551964829|-0.3879132140186444,-0.20689018549195415|-0.6256085791236576,-0.21273322108831097|-0.783890538701391,-0.2088899865905965|-0.9206727709461183,-0.3580419640769354|-0.2945370967522471,-0.4823986681828101|-0.4621183952801927,-0.5633816230761739|-0.5806127832424298,-0.6221623166583585|-0.6792460513949539
0.0|0.0,0.437000653634707|-0.06429678629479962,0.694423463894256|-0.2178976743907041,0.8320911535445947|-0.377548734581434,1.0|-0.5038901997334737,0.3251105094499764|-0.42255132992249217,0.4438962173907909|-0.6618913578423259,0.5002778332599941|-0.8078693102841303,0.5362475617063511|-0.9258506654439477,0.04692850735608612|-0.42278921275404396,0.02572917752420836|-0.687150334263807,0.028592128348594224|-0.862342416683366,0.0024906922520411324|-1.0,-0.1938681567963376|-0.36179616721832114,-0.2841191412277139|-0.6052306291860302,-0.3070268555035991|-0.7693185134891187,-0.329335875303134|-0.9121400663110109,-0.3936869053811132|-0.2615331464137898,-0.5762325994790434|-0.4274141498856794,-0.689045688193139|-0.5415598552757594,-0.7831127080861237|-0.6451677636333201
0.0|0.0,0.45248646699883177|-0.053421125478862,0.7113930929352755|-0.2015188510995774,0.8357406878777167|-0.3627631533169021,1.0|-0.4858626652298026,0.29725053419129277|-0.42288988173811437,0.3869678933120708|-0.6558934784363167,0.4442050157271996|-0.7932275367862739,0.48613708071786293|-0.9009979478327937,0.010408704544629773|-0.4325907607718313,-0.029605679099372142|-0.696094796012551,-0.03348953179439784|-0.8674692212735965,-0.0598971453656844|-1.0,-0.24081985530128575|-0.38438712114922785,-0.3483297365607479|-0.627549136827134,-0.37560313962938957|-0.7873007839308981,-0.39969843147768264|-0.9247605723360244,-0.45234595972310865|-0.2995772604960349,-0.6402135958727461|-0.4748696941004664,-0.7675114300445911|-0.5929004962733452,-0.8758571176447052|-0.7022062732801921
0.0|0.0,0.5021722265718427|-0.05269969789993353,0.7526825120046118|-0.19385923688671328,0.8468665868062725|-0.3561806266071103,1.0|-0.48030048820629123,0.2587034712696781|-0.4150442757843282,0.3351490585399857|-0.6531370563650891,0.38088169759212737|-0.7915454752239239,0.4140775920046935|-0.8983867082333359,-0.06021674737881424|-0.4311948673564556,-0.11933358306741594|-0.697804847916927,-0.13910350234164032|-0.868295735339628,-0.17001409992497757|-1.0,-0.3340119678159886|-0.3941404640708059,-0.4634613143848876|-0.6405971553142165,-0.493171578557893|-0.8088586562989181,-0.5194894794833059|-0.9531455928614389,-0.5694250102721454|-0.32585962783350264,-0.7740686332629444|-0.5018421511688019,-0.89318233620272|-0.6219878583804093,-0.9878205445974648|-0.7403865000347293
0.0|0.0,0.5028323767567228|-0.10491928294179421,0.6736775657570336|-0.26007501028757657,0.7333250110497062|-0.4036755810383122,0.8257184669575948|-0.5054097467860481,0.08991593336378048|-0.4667862511317971,0.13101736862444455|-0.6814671610815515,0.1788088923646843|-0.8092874448344823,0.212830600749922|-0.89669865181381,-0.19560208505142435|-0.4705792501115937,-0.28206459471427603|-0.7152555980829048,-0.3118959546064326|-0.8790296418908315,-0.35591092971803706|-1.0,-0.4278751696336441|-0.43148850570525626,-0.5723683890785163|-0.658088269903442,-0.6135847996035297|-0.821802229516549,-0.6597697245412063|-0.955309228547589,-0.6279271306770252|-0.3637693614973767,-0.8378172529271133|-0.5388784441893549,-0.928025137369752|-0.6581867457704288,-1.0|-0.764079245322867
0.0|0.0,0.5796924932653026|-0.08775409320675,0.794977564426173|-0.21046867656757423,0.8913450375569862|-0.34073928207823645,0.9665053000416275|-0.45312796007795203,0.15761707605956388|-0.44723006603629684,0.20639537126455326|-0.6641085902736746,0.25845740796584465|-0.7917391465231031,0.2941326035160974|-0.8832135775860279,-0.15689320720527922|-0.46233491271827354,-0.2235112805132693|-0.7153874639092532,-0.24346765382967883|-0.8736663990936907,-0.2833032503992516|-1.0,-0.4029777576367661|-0.43085631626479814,-0.5476079622890491|-0.6588427024323057,-0.5773788299555582|-0.8141934068160886,-0.6125391326924063|-0.9463409295575615,-0.6062671679855414|-0.3682317824835638,-0.8467351099539348|-0.538700713736072,-0.9384259475117931|-0.6479912787020001,-1.0|-0.7464433387386212
0.0|0.0,0.5651921128568416|-0.11094492065379766,0.8541083531148332|-0.2943375302776651,0.9310874891256263|-0.49662130226232476,1.0|-0.6565349780936921,0.3626444579044746|-0.4918841118873442,0.4626426895383026|-0.7434644459149166,0.5161922676967088|-0.8790882259566793,0.547357205509884|-0.9917651019013476,0.0020546114604792446|-0.47428537256309056,-0.08224699819842304|-0.7235852889088115,-0.14629678963904197|-0.8781875617708415,-0.2118266891886549|-1.0,-0.3074399477943801|-0.419342570202339,-0.4447990122452888|-0.6357970009822347,-0.4974623945431958|-0.7753510752234593,-0.5310459684629865|-0.8924134479759493,-0.5743004925690521|-0.3405581288818008,-0.7320460154756481|-0.48717182466957576,-0.8094219556030826|-0.5821625461258988,-0.8655780048602754|-0.6662827006406719
0.0|0.0,0.5623885567845551|-0.11981215384669083,0.8444097347278239|-0.2893162095926921,0.9369539094933583|-0.4877351152321205,1.0|-0.654333434839429,0.3610066573414265|-0.4799221822544927,0.45195160723242805|-0.7314033781012957,0.5026736371193894|-0.8721335630657202,0.5440524735482862|-0.9860451111023519,0.0017166594686784651|-0.46099403384230825,-0.07864189034837644|-0.7186361701151355,-0.12981051456781856|-0.877462845917067,-0.17890388949947575|-1.0,-0.29782084538335607|-0.4004550832972869,-0.4459504423155416|-0.6178427454626392,-0.4970699211573851|-0.7600832628083056,-0.5321974369828395|-0.878897240274293,-0.5500880688023857|-0.3147545963149116,-0.7285790085520101|-0.467794573342808,-0.8183961863186984|-0.5665684892445112,-0.8818079384356998|-0.6559878962281362
0.0|0.0,0.5615004936372314|-0.1163282622060166,0.8361808560340133|-0.2822958776697089,0.9207890781604094|-0.4768256312376475,1.0|-0.6367337209361403,0.37860013094606626|-0.4616342657591364,0.44507420367946454|-0.7126020590481771,0.46485635456400465|-0.8613331481691611,0.47227167983305196|-0.9825343329940539,0.008180994503209051|-0.44883761497255564,-0.1009022031321296|-0.7079113650720531,-0.17549117040815157|-0.8729647888874399,-0.24848978626134807|-1.0,-0.2992470601190726|-0.3897325337402429,-0.4705491284890558|-0.6087724631520475,-0.5542004685056175|-0.7602399456701221,-0.6357043093903376|-0.8877598578752073,-0.5526105259485277|-0.30141548977334887,-0.7572446238244429|-0.4607011060736671,-0.8696827692530786|-0.5632757630824415,-0.9701309951301366|-0.6527678938873807
0.0|0.0,0.48375482060897484|-0.09447523885458611,0.7357241593753355|-0.26673698500774967,0.8208486410081304|-0.44876341624075167,0.9389049483047182|-0.6009779582118631,0.2755079653366085|-0.4468366785821387,0.33164453318329695|-0.6842392082288652,0.35360706507382206|-0.827764242702556,0.3596904876137579|-0.9498983439026744,-0.0512857778615273|-0.43885397080569016,-0.14444297437309253|-0.6919188746129199,-0.2063326441817026|-0.8604000113994732,-0.2830557794073296|-1.0,-0.3204199815661962|-0.37989311050817687,-0.4894263447477692|-0.6088003608969572,-0.5698247140377113|-0.7627208566963161,-0.653594948122073|-0.8982627785827216,-0.5342724861891252|-0.29075943160672335,-0.7473694632324018|-0.4562425393362786,-0.8744889831516459|-0.5627552332325733,-1.0|-0.6659551981273775
0.0|0.0,0.422368743662268|-0.10929609508401078,0.6507432236853613|-0.2911263363011753,0.7431029219507659|-0.46757457513057876,0.8602291994660716|-0.6023717699051255,0.18626303357884938|-0.48455239172848574,0.21003435234790457|-0.7155556995830807,0.23413277986401565|-0.8494113733017792,0.25382739469544247|-0.9576861432935232,-0.1170100600269257|-0.4766368004729487,-0.2164454861414104|-0.7197085380930258,-0.27095553999181143|-0.876376733201326,-0.3244766581226389|-1.0,-0.36304337234689854|-0.42015068576956227,-0.5210251370719063|-0.6379122779494331,-0.5935769183371531|-0.7846504734635679,-0.659468528333794|-0.908417069523096,-0.5616785778062744|-0.32663822392255465,-0.7625753301303029|-0.4877984625532809,-0.885632998414165|-0.5937440752695923,-1.0|-0.6927405281543189
0.0|0.0,0.44460567733927364|-0.0802065998129468,0.6932520437503344|-0.25547137491280786,0.8320275936702598|-0.4208032905240398,1.0|-0.5493412562093731,0.24035417743266418|-0.4535610381506239,0.33127021037296767|-0.6760041093379491,0.39462620632935946|-0.8122381134911073,0.4473458374378974|-0.9269229045662983,-0.07488903663086803|-0.4510118256070507,-0.14320287359324593|-0.7003758393709052,-0.18107521140840718|-0.8662352783013779,-0.22739753960952824|-1.0,-0.3379742318339591|-0.39638804554289747,-0.49145323462213647|-0.6224832423552824,-0.5575084596150026|-0.7757901455742969,-0.6174323278394047|-0.9106855688476333,-0.5556856524041129|-0.30468708667956285,-0.7645093211768431|-0.4661811365447925,-0.8859898050983392|-0.5724984611358455,-0.9995219421164976|-0.6761231265383393
0.0|0.0,0.4150661105505494|-0.0912795503042591,0.6812295727759237|-0.27185176885717355,0.8122485434257396|-0.44183455759415846,1.0|-0.5692594207093868,0.25909824522177094|-0.47176461741648246,0.32720511090917076|-0.6967696799015035,0.37769632224107447|-0.8329750783410167,0.41865762303671644|-0.9493854289464709,-0.057651510372553436|-0.46517757521160635,-0.1302292700012912|-0.7095968822841173,-0.17177553424028486|-0.8690444835280852,-0.21768578882269382|-1.0,-0.3223051758360366|-0.4028876208977168,-0.4720288111820552|-0.6281348761452464,-0.5441321287706321|-0.7763616700974013,-0.6123935919394891|-0.9101126429603468,-0.5435769230494858|-0.3028279306213806,-0.7360926215218242|-0.46707716349972417,-0.8608096811246054|-0.5756989174703057,-0.9827452089812474|-0.6864955830065286
0.0|0.0,0.41482769770205363|-0.09343023578098839,0.6878679539535066|-0.2948574098892302,0.8179225962911125|-0.4703979689212457,1.0|-0.6020977516255877,0.2598489509259063|-0.4763481182199416,0.3434350981693594|-0.7119397318115683,0.41555289112293775|-0.8527105161851163,0.47246639145768193|-0.9757355878243927,-0.05173272511366605|-0.45447004987352163,-0.1152081159174817|-0.6992011261669562,-0.14186760738998408|-0.8599121229417093,-0.18343446917506576|-1.0,-0.30799013917834844|-0.3788699961605622,-0.45725850164926|-0.5949011687507403,-0.5334690741388997|-0.7456883812175965,-0.6041529759343905|-0.8888237960331259,-0.5152001301565969|-0.26784357199013925,-0.7087470187006581|-0.42386149685960556,-0.8371347747717378|-0.5324299655983311,-0.9582058986098199|-0.6417290259536286
0.0|0.0,0.43388981844976726|-0.09177374233928988,0.698618369088097|-0.2505036358999761,0.8567159403455022|-0.4096300376924348,1.0|-0.5286181325830941,0.2836728213984342|-0.46100965487480705,0.3875722904322789|-0.6902864137963932,0.4548338924194208|-0.8238782892823422,0.5084650565674396|-0.9305029757238338,0.005474553301626024|-0.4647191202106284,-0.01694741204607841|-0.7169973820393042,-0.018644300278671963|-0.874087301451522,-0.03368453803687048|-1.0,-0.23268998559896314|-0.41919836501742724,-0.3153143702914143|-0.6517063641181385,-0.33175950047614944|-0.7971272676698258,-0.3521283549766023|-0.9203173434512036,-0.4351089009400547|-0.338278280748358,-0.5997489572191792|-0.5093371650386012,-0.6917015037293263|-0.6194555519304014,-0.77279100878662|-0.71787835489741
0.0|0.0,0.4797687685570861|-0.08973843693115317,0.7172046632465588|-0.2559626978443367,0.8385004289488589|-0.4140537175438541,1.0|-0.5395011446604769,0.227649752509463|-0.45772285650889594,0.27983488761858333|-0.6864139264746245,0.3342029070675458|-0.825795189376373,0.3753844581703576|-0.9334637310358099,-0.07871627699891832|-0.4588083122225763,-0.14008512973911774|-0.7082012793697164,-0.16472736236328747|-0.8756087942734376,-0.19585340269273063|-1.0,-0.33673679561958325|-0.4051635386991988,-0.46925391268375793|-0.6390682032563672,-0.522723433721503|-0.8006789093283783,-0.563141749685797|-0.9310063653007508,-0.5540858410111584|-0.315422788260421,-0.7549041801923908|-0.4941111766604938,-0.8674038527090795|-0.612755419128712,-0.957856407867763|-0.7200916569657085
0.0|0.0,-0.4382947815302993|-0.05207846516842909,-0.719180677809576|-0.23418739303493144,-0.8558457597853242|-0.4121946444765234,-1.0|-0.539898230075567,-0.36771003058140517|-0.4489033567097518,-0.47350607317857984|-0.6674880938046263,-0.5410753593080392|-0.8021751556697849,-0.5920843408354365|-0.918184457642025,-0.08210633589017666|-0.46497128042213803,-0.08365503696995716|-0.7122802857333107,-0.09161746869950932|-0.8649351723828246,-0.09146767699959117|-1.0,0.18550571128866097|-0.4309848190914953,0.2750094526671031|-0.6598767251853728,0.317063792486858|-0.79834921056723,0.34607217143339986|-0.9249912382643105,0.4458722784640504|-0.35889576448700516,0.6097153786998764|-0.5043255831763602,0.7208044881178054|-0.6038715876326582,0.8115287544585436|-0.699686915003244
0.0|0.0,-0.42859515922163227|-0.06830214051683804,-0.710956924159525|-0.2570059713698961,-0.8397916973609907|-0.4359312139489337,-1.0|-0.572765226662479,-0.3421892979656811|-0.47161778343226896,-0.4179671669163254|-0.6685545649410474,-0.4802021088200566|-0.814448059033348,-0.5217603801769413|-0.9366105222574046,-0.05278435952197408|-0.4790756143668656,-0.028519113816431733|-0.7081091112590885,-0.046962837503657234|-0.8657317198475732,-0.04454875065579771|-1.0,0.2191964980715269|-0.4372574020877469,0.32684749223372733|-0.6516440123906986,0.35780865690541946|-0.7843941220615107,0.3753971828140723|-0.9040075343362577,0.4787367113576025|-0.35237503369577733,0.6496932097964179|-0.4853891730155659,0.7669646572510045|-0.5905523547712898,0.8686092330474465|-0.6913044006595277
0.0|0.0,-0.42825458412830747|-0.060725425688296135,-0.6967727029614766|-0.24997251551040198,-0.8367580429596431|-0.4295664379389049,-1.0|-0.562010735923576,-0.32979413098378646|-0.47532102372774054,-0.37589543792747204|-0.6670262815979084,-0.4379504939220191|-0.8038426040460801,-0.4947878061344256|-0.9216483904705722,-0.050290466188880514|-0.4784895278856165,0.018553165528522667|-0.7062163000694411,0.03014714678789329|-0.8679256774699685,0.05764143345711703|-1.0,0.21292974340063534|-0.43424543656195647,0.35658090606704546|-0.6486264111207484,0.40258395893226184|-0.7857592068150917,0.4364688717512947|-0.9102302788135584,0.45136936996936033|-0.34449052277524755,0.6146692928049649|-0.47381472003607417,0.7127334407961623|-0.5787632133342591,0.7982288777369825|-0.6754014726098726
0.0|0.0,-0.45817679988050936|-0.039007500334230664,-0.7520552181440662|-0.2321188882474438,-0.868031833318958|-0.4222507832125809,-1.0|-0.5547857791065363,-0.36781536170114293|-0.45754188249379824,-0.4244922173299309|-0.6654587359663138,-0.48409154498465345|-0.824031710524691,-0.5315082959749743|-0.9565433826825985,-0.06580610959059727|-0.4599899601225091,-0.03288475253023555|-0.6896237271604602,-0.041248677293200184|-0.858583233953384,-0.030047691074595404|-1.0,0.21994946891875689|-0.4119220267686366,0.3354620059703251|-0.6328989528862057,0.3613132190739054|-0.7726877831337681,0.38269783801864304|-0.9006521651972967,0.49229095973291315|-0.32392644882703714,0.644908288822365|-0.4544716861277583,0.727021926955029|-0.5529744547162042,0.7857238125090722|-0.6503758246579452
0.0|0.0,-0.45826944359258126|-0.04876681138378795,-0.7395770038838613|-0.23497829625672678,-0.8536666203168424|-0.4183659192288594,-1.0|-0.5399821559834485,-0.38468131956045126|-0.4457801914892624,-0.448825031952807|-0.6380403282729897,-0.5239403192042561|-0.7881507651867108,-0.5833015868783012|-0.9210525047526543,-0.07301049728282091|-0.46550821061141423,-0.11547201581735375|-0.6920181340984806,-0.1508696306426943|-0.8554485487450476,-0.13913090269775025|-1.0,0.24032891867129658|-0.43358925362730544,0.2751093824108131|-0.6618274289446533,0.28264281618993015|-0.8107372999844172,0.30296070614274856|-0.9519775945369128,0.5351847548443504|-0.3597543758805444,0.6529110864335333|-0.5126010840282129,0.7030979460678524|-0.6256325939482575,0.7557453146994341|-0.7388816653150675
0.0|0.0,-0.44701096171398896|-0.0891190720876673,-0.6424197053026574|-0.30688755576860294,-0.6890529375250124|-0.4911395313826005,-0.7972629108054139|-0.6188579418367158,-0.2385105985324671|-0.49080947746704795,-0.2535069149451138|-0.6781477685630807,-0.32808208575432773|-0.8058425147741941,-0.4099302059857906|-0.9098899877366288,0.06481560577797728|-0.49861712079957743,0.07554123883469209|-0.7155089376887788,0.003297884952998668|-0.8675957580598933,-0.0665344406357411|-1.0,0.36769553429101426|-0.45671039310199774,0.45907904621232476|-0.6794835528062133,0.4576682555534674|-0.8215894337909511,0.4311396962321794|-0.9529078450546324,0.66584659605983|-0.3732562605545248,0.8571513625649158|-0.5356069792702788,0.951780987304955|-0.6574624178348681,1.0|-0.7761102616720376
0.0|0.0,-0.43725764935866696|-0.0905845870312044,-0.5617068026682445|-0.28741318847471975,-0.547677551504348|-0.4609290725628801,-0.6270940935217216|-0.5916824561032602,-0.16344661671349897|-0.45748646101882345,-0.19321759882532766|-0.6568314089944828,-0.28108147887698237|-0.7841254944501457,-0.37623916777687766|-0.8826996943527967,0.14751156011464037|-0.45938483852815315,0.18880148025537677|-0.6988630228608037,0.13219502878566378|-0.8669620184363593,0.06700865643345129|-1.0,0.44567987258029|-0.41303805284595024,0.5931096635374389|-0.6499508030559699,0.6215962858112406|-0.8132482060551244,0.6077761300643582|-0.9576154576984449,0.7270825874331318|-0.32822052867334955,0.9306182858030636|-0.5029284473846237,0.9934140784294715|-0.6226201935168901,1.0|-0.7343651771661054
0.0|0.0,-0.43555862700966247|-0.08541458984873312,-0.531124907478739|-0.2771731625586222,-0.4966409117687044|-0.44736647430620036,-0.5792315574286391|-0.5729719297507292,-0.1527368670161075|-0.4470441017493931,-0.15268588591310303|-0.6563327713321532,-0.21341759691444742|-0.793166688147211,-0.2871406776332684|-0.9033847310153634,0.17051101947100497|-0.44513962134622514,0.22736690785134162|-0.684415103409094,0.17439502424434677|-0.8583983886961485,0.11114258092778055|-1.0,0.4752219251471529|-0.3987787981766963,0.6219845621667346|-0.6314740004313644,0.6358300227086197|-0.7912295759477523,0.6072900459711081|-0.9366880683028704,0.7614569014566749|-0.31511974965083156,0.9555016792294175|-0.4875175570571479,1.0|-0.6065654187785549,0.9826034853451358|-0.7236596469124567
0.0|0.0,-0.4423511733070324|-0.11951379938261696,-0.5085051578366241|-0.29760541609140573,-0.45691361011345377|-0.4556767591518093,-0.4840775443363046|-0.5582521546484908,-0.20834573943465395|-0.4694626565818262,-0.27085620708264324|-0.6862452927982681,-0.36523717364199715|-0.8320569496874097,-0.46380675015972855|-0.9393872954861319,0.12054465886322893|-0.46089433392808815,0.10546039042000856|-0.6979619020535096,0.02167500976980479|-0.8642680157969332,-0.06924698066509109|-1.0,0.4478028794561165|-0.4084376906388034,0.5833325579520008|-0.6231776421104777,0.5886439200798953|-0.7665303164432131,0.5478999571989505|-0.8910046464266548,0.7768499047831724|-0.3158638087855534,0.9834091656276557|-0.47543393405101436,1.0|-0.5795196704844118,0.9600911228142001|-0.6730619171899439
0.0|0.0,-0.4776375229002851|-0.11977599134119046,-0.5049321932047777|-0.28939183447288547,-0.3534029617854494|-0.4266965552357874,-0.33797573827409366|-0.5192493393075892,-0.26180547997076814|-0.473391537085657,-0.28564006925649876|-0.6927083072182969,-0.38914341272098835|-0.8357924548364759,-0.5117307081961755|-0.9467189284377402,0.09697281783034718|-0.4581777597578023,0.10262894815549237|-0.6974093595714166,0.014606791929587398|-0.8622217073657802,-0.09255693859202233|-1.0,0.46322006133572113|-0.40197520447533197,0.5820628229248889|-0.6208082016631208,0.5420583228988217|-0.7677703133199221,0.43242598051635056|-0.8973275780835986,0.8629888404841369|-0.31036143786724946,1.0|-0.4787306752332631,0.936887134407181|-0.5839559590262643,0.8082394379723541|-0.674375335533192
0.0|0.0,-0.5057472275943198|-0.08163492179196936,-0.6364523768139538|-0.2570547629316081,-0.6041860557216688|-0.4245199299173096,-0.6502474831814845|-0.5543886318652862,-0.2577866078192804|-0.443298416667725,-0.2997065698002313|-0.6593674012498463,-0.4177643713692505|-0.8045602982707056,-0.554222982016491|-0.918460936520051,0.0788887935479092|-0.4473314246337073,0.05150026365447842|-0.6817128262422828,-0.06317660009666108|-0.8567380129702733,-0.18801021175231586|-1.0,0.4199828826271867|-0.40580459483161907,0.5213919489676405|-0.6293905412028078,0.5023970922467982|-0.7771556942533899,0.43278790959034913|-0.904397426126035,0.7673636092281267|-0.3264480041725331,0.970364356554729|-0.5072557435395239,1.0|-0.6282703385329363,0.9596531641837676|-0.7416404506071346
0.0|0.0,-0.5080138850833913|-0.06661491922041887,-0.6704224463687668|-0.24793632809663507,-0.6827351748218206|-0.41020555410356285,-0.8002274756705505|-0.5323831796158054,-0.21924528277091912|-0.4486510580220644,-0.31023620805547725|-0.6773282833697846,-0.41294521857573424|-0.8207103905499131,-0.509563242770157|-0.9396383778005728,0.1292872626108714|-0.45061347637369065,0.10917320938471839|-0.7018715326392954,0.003508723514558246|-0.8683771111310924,-0.0981253297641599|-1.0,0.4659177447449638|-0.4098086663952591,0.5597149917768399|-0.650148553269155,0.5477570780612134|-0.8124308865319713,0.5017244653303292|-0.9566139344285931,0.7831891405664289|-0.3341277204218824,0.9664292693247547|-0.5202325786437538,1.0|-0.6447443442846204,0.9623147324992559|-0.76047643302284
0.0|0.0,-0.5072544513983511|-0.0566634675789868,-0.7460711069028428|-0.226077371510218,-0.841834484192051|-0.3900937680777461,-0.9972517955705411|-0.513428543486873,-0.262881342232281|-0.4362975449902784,-0.36082365303341724|-0.6478076304042619,-0.43907761945451607|-0.7879863483491547,-0.5121284727835385|-0.9127053507642173,0.06653368282487702|-0.4432011099010935,0.05817706288538371|-0.6849475465649589,0.02705480242950509|-0.8558477830985401,0.007997505831274105|-1.0,0.39012320731622824|-0.40552663116176607,0.4737373270825154|-0.6384185566976133,0.497940578739521|-0.8006157829394146,0.4924603357890118|-0.9444905245675016,0.7069744347705595|-0.33391944597768597,0.9052521881711739|-0.5065143702024044,0.9834842151451467|-0.6272751231980268,1.0|-0.7368161950084287
0.0|0.0,-0.4257159969906579|-0.07011487254521719,-0.709299926227293|-0.24441709650185509,-0.8586704843433863|-0.4055140036221375,-1.0|-0.5196661484194258,-0.2982636022993711|-0.4595672068231572,-0.38200886368118503|-0.669434806878194,-0.43469791537320956|-0.8048594587951894,-0.4733770004455579|-0.9204758957503247,-0.010130508301255597|-0.4703725739021684,-0.015814111038880408|-0.708819359914319,-0.033498104552725574|-0.8660628918515649,-0.04247865339244889|-1.0,0.26069932508929416|-0.43796014817748125,0.3655990015119753|-0.6631707750105431,0.42372742080390335|-0.8075218880755353,0.4487685983916089|-0.9359489238019947,0.5217606659995472|-0.3691542374422525,0.693694898726873|-0.523008787191191,0.7978125661945701|-0.6279873325864053,0.8694656774306646|-0.7243472010414165
0.0|0.0,-0.39946743300406906|-0.05836502725407862,-0.6671268781849939|-0.22612995439095354,-0.8434334847344004|-0.388649015556843,-1.0|-0.4958696134573487,-0.3025537051927626|-0.45836901852026984,-0.3977356741054745|-0.6803768426382375,-0.4427085663686797|-0.823882112125087,-0.4751389902703615|-0.9502630836045761,-0.04085442529595223|-0.46948593109573417,-0.039055339156713526|-0.7042392280184767,-0.0476076032056289|-0.865169906524016,-0.056058876393578004|-1.0,0.2006015134993248|-0.42857933793900727,0.28391599094406|-0.6515019743963806,0.32481601127006876|-0.8009815159341148,0.3431920867481667|-0.9346678290787936,0.4277112104543012|-0.3493099657060166,0.5957280439689494|-0.49471444212297566,0.7077098639094883|-0.6025222506467485,0.7807701469310496|-0.7047266569869631
0.0|0.0,-0.4260730647865753|-0.06768420799028192,-0.67524414341858|-0.25052210597324737,-0.8479238457374474|-0.4239934554719759,-1.0|-0.5348977280940564,-0.3324139721771123|-0.4606254893448049,-0.4208874101653442|-0.6749587821341095,-0.4666393806964964|-0.8406119293667748,-0.4898703036224326|-0.9761449924694425,-0.07094748330934808|-0.4673674378518076,-0.06533449518754704|-0.7019364276783127,-0.06924343046258521|-0.874427600085796,-0.04806291616605713|-1.0,0.16478261443603862|-0.42399794230113275,0.2397631401750703|-0.644751790074139,0.2610514780634003|-0.8004446642773976,0.2710548668048569|-0.9306177222533754,0.3636141587779406|-0.3458818565211526,0.47362590934896553|-0.49075103570160206,0.5501221267213267|-0.5879905725867028,0.622731413633303|-0.6711807744442696
0.0|0.0,-0.4028296948719001|-0.06726461658105193,-0.6608262786046509|-0.23576537042775586,-0.8491557381077973|-0.4104164556094538,-1.0|-0.5458786858038449,-0.31778734116409485|-0.4370862037114287,-0.40352946720520255|-0.6687622164880874,-0.45876334368550475|-0.8380904697984577,-0.5070212855441021|-0.9737956330524534,-0.035009898662223794|-0.43971349355803724,-0.02607095316491166|-0.6955012410164119,-0.0415895827664468|-0.8686187472438411,-0.05177099152317787|-1.0,0.22279210681130318|-0.3875632426730868,0.34645925840347525|-0.6168790150530971,0.39812637351222374|-0.7661707380844547,0.4116799653812847|-0.8899832619215046,0.44398299669774344|-0.3007338086838373,0.627129783192188|-0.43628226195726016,0.7620667656786246|-0.5309382560814274,0.8497708891669061|-0.6189628946521578
0.0|0.0,-0.4062946467462322|-0.07059698457899889,-0.6789354473386183|-0.23711081367244302,-0.8614235778377908|-0.407278307549917,-1.0|-0.5399663081762596,-0.34833010279641086|-0.4347104077343678,-0.45233850945204285|-0.6472895646873114,-0.5211053881000087|-0.8131047738350959,-0.5750767706246188|-0.9472631246663186,-0.07423501611638644|-0.43796427941133054,-0.0723848985103232|-0.6806923713274676,-0.1038592211865145|-0.8571754857601932,-0.12207237128669744|-1.0,0.18230845456921335|-0.38405717633717146,0.3031105714783518|-0.605832870378468,0.33953687167871766|-0.7490665247401137,0.36094117518947644|-0.8723926108979344,0.4067089903301681|-0.29390697721336617,0.5770150927781166|-0.43279306662505856,0.6962322501960101|-0.5353292634024855,0.7893196271452217|-0.635115679487717
0.0|0.0,-0.49573522698268446|-0.08719422975259408,-0.7454807471370638|-0.2659329715072414,-0.8829707968083771|-0.45250876784313615,-1.0|-0.5954082213843777,-0.4130236692022701|-0.44689009497586196,-0.5129937803246308|-0.6601286895730201,-0.5617332638957515|-0.8178707310960746,-0.5808257696689125|-0.9427022206599815,-0.12523985369606588|-0.4590097347120107,-0.15400289673544343|-0.6981857085667976,-0.163094450672136|-0.8627172665252281,-0.1539634894931198|-1.0,0.13635633362292604|-0.42081946031095097,0.21507866594965694|-0.6409019707944691,0.26355806172144175|-0.7796194549175012,0.29920221553578996|-0.899862885486366,0.35744551342483494|-0.3441709128460351,0.5261218484057951|-0.4857102871221621,0.6376934516682298|-0.5792639521805578,0.7349462818660603|-0.6612274654923824
0.0|0.0,-0.5387446616094054|-0.13420445063530434,-0.8428736033826666|-0.29544873809723016,-1.0|-0.4567197085672808,-0.983911064271784|-0.5845378751732699,-0.5049403851397437|-0.4024193347790398,-0.5854466336854546|-0.6310825386847086,-0.624456365728432|-0.7844285426781147,-0.6731277751435099|-0.9131818582680015,-0.19896114779095977|-0.39656422351315723,-0.23504750877770947|-0.6494721060807862,-0.27150888645630017|-0.8375409572868355,-0.3084580257170295|-1.0,0.11106011381636656|-0.3486820176876686,0.13986683309198464|-0.5842063727163981,0.15873680944754204|-0.747893286057676,0.1635080772518393|-0.883356586745781,0.39160938133440376|-0.26707791664499614,0.5985234417416767|-0.4164310798251585,0.7415575266809583|-0.5270278520856841,0.8499189596125414|-0.6310118739386155
0.0|0.0,-0.5266921697571562|-0.16134654423073916,-0.7229000196344639|-0.31606339333578565,-0.791159094060249|-0.461970708832472,-0.8127998094247288|-0.5813615833934974,-0.4187789224494506|-0.4474832585363094,-0.42935640832612937|-0.6928742847438212,-0.45917659944111566|-0.8360945010708305,-0.4936988259334978|-0.9503715073054578,-0.10147574864536156|-0.43324826880009665,-0.12372783096866767|-0.6833333173817394,-0.15909312970564124|-0.8452913393798381,-0.21159810578602528|-1.0,0.21976455393010316|-0.37470187800242233,0.2342773074915251|-0.5997904598621208,0.2509973097992725|-0.7526408661332666,0.23513154625591243|-0.8907882629022607,0.5222069509724643|-0.2759304591326012,0.7616134132235789|-0.4071742187361254,0.9082689009632053|-0.4959675965701521,1.0|-0.5896111097109157
0.0|0.0,-0.5456712353299856|-0.09653543170343303,-0.8069044475176993|-0.26805020263822343,-0.9098457703027882|-0.4447495120947915,-1.0|-0.5818368251089908,-0.38747955045831134|-0.43771611984610315,-0.4602607307681921|-0.669505468841767,-0.5040955937011858|-0.8306138535976169,-0.5427390091264297|-0.9591982142760019,-0.0777665333922716|-0.4398873016019932,-0.12028949870729048|-0.6817861858298377,-0.15369385170582223|-0.8545104979414613,-0.17314632277798228|-1.0,0.20758896527806403|-0.3946443928901956,0.2688999248110683|-0.6176606561426915,0.31349023041356755|-0.7627924294325376,0.34060088606389494|-0.8863454957615964,0.462986862546389|-0.3141837596100842,0.6931460100829921|-0.45716152670508714,0.8146933954554048|-0.550866425947998,0.9019509324706741|-0.6336715233110054
0.0|0.0,-0.4024825734476934|-0.06354688402947369,-0.6731714880609578|-0.23026075449752667,-0.8445719106512397|-0.39016068418525934,-1.0|-0.49672267631318484,-0.3332429662987139|-0.450482513677094,-0.4112512254925565|-0.6765626095763544,-0.4541164993191173|-0.8209965477908141,-0.481248278532067|-0.9406513286188919,-0.07384591826711019|-0.4582019290416388,-0.07434044905514284|-0.7078232287941616,-0.08217204470905025|-0.868248120646803,-0.08207429422222394|-1.0,0.16104946463551106|-0.4183297819131976,0.24126987031447727|-0.6481607678508314,0.2845328875012279|-0.7926812536456312,0.30840952734991206|-0.914708363911004,0.3827981293542304|-0.34223114072767563,0.5631188857792785|-0.4814796474762472,0.6783045924430687|-0.5725044712610943,0.7639855425585396|-0.6520900803984228
0.0|0.0,-0.4206226193630031|-0.058467762723473676,-0.6914778258839174|-0.22889372580094158,-0.8435946227692841|-0.39009327393038,-1.0|-0.4909408166988618,-0.32118305407820197|-0.44732953002410947,-0.39920439408379843|-0.6785542732521651,-0.45508770149134203|-0.8257483733367055,-0.4937622130955579|-0.9471318771298601,-0.055900534361487605|-0.45545430383531826,-0.05747889581743526|-0.7069957535517658,-0.06928122164245504|-0.8680292204176164,-0.06405214273043495|-1.0,0.1881486006359074|-0.41583084218539085,0.260911529348444|-0.6474185100422923,0.3119657025314776|-0.7915758538464429,0.346657994214537|-0.913109418750515,0.42316801820656236|-0.339106752076804,0.6045678432365815|-0.48337862292983197,0.7305536789556928|-0.5738860092853827,0.826303882536385|-0.6549141520068777
0.0|0.0,-0.4480814256167031|-0.059150817376212195,-0.7124859139482274|-0.22894600236913823,-0.8551506701524447|-0.39717565383627135,-1.0|-0.5205081362874572,-0.3089470082026245|-0.44085582051282485,-0.3811287858176406|-0.669467155641021,-0.4372936516977164|-0.8176919740527439,-0.47262857729229607|-0.9344914293089185,-0.030221582890942657|-0.4484099062847701,-0.026332561679725783|-0.6986973940992023,-0.03960569410697021|-0.8659154816914417,-0.03629564845733609|-1.0,0.23166130212074512|-0.4063068684338464,0.3305507987509191|-0.6386974310697235,0.39109657971363776|-0.7878428154597948,0.43241048708319646|-0.9118797543880227,0.48183617156881664|-0.3272719603635681,0.6891965043056012|-0.4785336550216807,0.824894725297278|-0.5814273209126947,0.9240059272034727|-0.6741917361810493
0.0|0.0,-0.43588889788109936|-0.06522638266608065,-0.7086226414542419|-0.24810746452725974,-0.8438023789488669|-0.41544466383715667,-1.0|-0.5377239390977493,-0.2928691987647953|-0.45380868663942114,-0.3564971591657006|-0.6670295392971707,-0.4272747394398676|-0.8107784323115172,-0.4830091099759258|-0.9293270839209924,0.003013907266041914|-0.45823712124690863,0.022909985481371985|-0.6963599031756549,-0.00953217645837132|-0.861080106401821,-0.02078338187501889|-1.0,0.27537469078442517|-0.4138486365216707,0.3966759264766537|-0.6358498533859002,0.44480922483787205|-0.7805623979113231,0.47142638451060326|-0.9065717228304722,0.5285321754833123|-0.33186905097709934,0.7425122784300381|-0.47259972710753667,0.8782317110627266|-0.5753350476577823,0.9832787137802158|-0.6721971123254242
0.0|0.0,-0.4282314293212421|-0.045572495009889094,-0.7000160784039667|-0.23807279687376426,-0.8200460067157881|-0.4161410763668413,-0.9907390347972826|-0.5534953233067877,-0.2896961865837692|-0.45769023851965307,-0.31584729523614974|-0.6577957200096206,-0.3639275875601046|-0.8139307818811375,-0.3975915626009482|-0.9488119418976318,0.02889225661132731|-0.45708797533796547,0.09609167720233816|-0.6898569181504646,0.10278498482325729|-0.8585263282254603,0.13259405255438925|-1.0,0.31439926146856917|-0.4030969769024503,0.509952238832229|-0.6188704139879977,0.5896986789807367|-0.7669954243620257,0.6468146433697598|-0.8997940490995018,0.5620917172761718|-0.3096259263803641,0.7667048019692868|-0.43117519918947517,0.8916090768210503|-0.523783456037066,1.0|-0.6161306942022934
0.0|0.0,-0.4332367872216792|-0.03979129106669081,-0.7118081049684961|-0.23156968642486558,-0.8275823582376256|-0.41967523887502395,-0.981635217859379|-0.5600253046132206,-0.2898530487099908|-0.4621387023463681,-0.30477590441284297|-0.6537949046992969,-0.3650048623404599|-0.8057303434919185,-0.41625388073827496|-0.9351210087992086,0.032805658032571426|-0.45929759196130765,0.12659552584597966|-0.6864304421648205,0.14562597065378585|-0.8555232550510816,0.1864991599136941|-1.0,0.3271006286758468|-0.4030938940893357,0.546756295892561|-0.6055567146122496,0.6174226442423433|-0.7361934205381347,0.6737181864546156|-0.8599316342436958,0.589394241967879|-0.3086513303783948,0.7627217895414885|-0.43280007977809093,0.8864234345290737|-0.5303301080940647,1.0|-0.6331744660247679
0.0|0.0,-0.4223928969456468|-0.02378563464285105,-0.68980264390835|-0.2161452908347889,-0.8185602119453644|-0.40419485397565336,-0.992863354735678|-0.5389313540057209,-0.31917723143520965|-0.4229723789787247,-0.33222549749420344|-0.637577760099056,-0.36199994970852295|-0.8039972520442961,-0.3761090812648591|-0.9467152814285372,0.012022035258121006|-0.43876881659566747,0.07403806875034694|-0.6771996353289784,0.10709664930661812|-0.8554170033119173,0.15183945821845762|-1.0,0.30766522766619553|-0.39537410225779335,0.5045544625857505|-0.61452288041861,0.607939031547464|-0.7633268873198592,0.6749842127462325|-0.8901923930837946,0.5558446524740323|-0.30649837764127597,0.7564355298847614|-0.43776771158940153,0.8875696074370657|-0.517228569159039,1.0|-0.596117539032326
0.0|0.0,-0.4137628571202195|-0.02858132204246581,-0.6592539805863252|-0.2244327899655883,-0.7821584721483631|-0.41122042220600336,-0.9812308998737417|-0.5501999949907109,-0.28931194569726615|-0.42610589251782105,-0.3092890989517622|-0.6319286481067252,-0.35062064195533094|-0.7886803378222519,-0.38195871459791453|-0.925444000789576,0.029572599938199134|-0.4411213241057324,0.09070092715281174|-0.6699836567565063,0.11603835009398299|-0.8503105321353777,0.15214571581575512|-1.0,0.3133569568619701|-0.3991235145312295,0.529459111922487|-0.614439923823776,0.6495159165194274|-0.7686870565750159,0.7341085318286112|-0.8981921545775532,0.5454397159583725|-0.3118144082917396,0.7462641003616236|-0.43488861250223976,0.8769547553342862|-0.5113597890353668,1.0|-0.5856648859169442
0.0|0.0,-0.49355461265933653|-0.008755853855431841,-0.8427760867600312|-0.16469787223008392,-0.8759017877261391|-0.27844122425990986,-0.9366905870356438|-0.3551956077160879,-0.4839272688387227|-0.4155597679545244,-0.5441075563669046|-0.6556476334618027,-0.6424375861687054|-0.8195193594306321,-0.7373724257596531|-0.9702669331383986,-0.07285464588560743|-0.41454124191537806,-0.01777287234110268|-0.6618514523052589,0.02969422919507131|-0.8397482170074401,0.08431198068038746|-1.0,0.2885994426643141|-0.3419957619249723,0.5224818369417573|-0.5248785757566398,0.6970120543892413|-0.6152217591633977,0.814835466307161|-0.7135076153029819,0.577914968753302|-0.22202742736948394,0.7298564141342774|-0.3610697688430177,0.8528012547054638|-0.47201970548543576,1.0|-0.5992750199529671
0.0|0.0,-0.40099082308666245|-0.04152339687556146,-0.6061886512081994|-0.212194681788007,-0.5314345399025687|-0.3636166290460503,-0.3971332352859362|-0.4737504666730424,-0.7014178586843284|-0.3640948063541961,-0.7675881865748048|-0.6165576195653348,-0.7871614740131027|-0.8224607684529424,-0.8552170756810451|-1.0,-0.4366181006023723|-0.3700630193675815,0.09013152050336182|-0.4940535950730531,0.3353086384303324|-0.49994157833724745,0.3893094837077709|-0.5080871987332903,-0.1215395894033436|-0.3353085324038153,0.4104423169933966|-0.5592833822781488,0.7610763199384079|-0.7595554431583231,1.0|-0.9123158867307998,0.15181882707436198|-0.2655208551330833,0.4979859604980856|-0.4371250859818821,0.7064374786325169|-0.5627386634964244,0.8894741423170831|-0.6871672015983527
0.0|0.0,-0.40662819896835256|-0.03573068351650078,-0.6998821492353299|-0.18060921890050977,-0.889956395217072|-0.3448767740441339,-1.0|-0.47279313039365706,-0.4230121748905348|-0.38599525342705565,-0.5603395915111188|-0.6295183425696568,-0.6466761551641299|-0.7900435265166148,-0.7218889664487939|-0.9278468310282393,-0.17485608608545086|-0.4104912067486927,-0.23077038138320535|-0.6653706537450965,-0.2763781740383831|-0.8478635542362961,-0.3091483922436066|-1.0,0.06362128203501075|-0.3823949795149032,0.07365491483015892|-0.6208144673601109,0.06588854943839578|-0.7891859444125896,0.042980173875205106|-0.9340744765904839,0.2795080183847193|-0.3174148671842626,0.3784242446219257|-0.4816605245888997,0.45324316238928825|-0.5976438032849941,0.4942289387085369|-0.7112687906997446
0.0|0.0,-0.3984807899307064|-0.04535446608930701,-0.722208707564865|-0.18486840527149417,-0.9293963307400434|-0.35396574754814364,-1.0|-0.5032723320214607,-0.4507994326282645|-0.38866378221056075,-0.5900249939869936|-0.6275249995214649,-0.6675447637460069|-0.7872241548040441,-0.7453242587997948|-0.9238127301965822,-0.20810169159816108|-0.41664391101040205,-0.2628602888255021|-0.673065064539241,-0.2981550358814153|-0.8485224411153478,-0.33680700672999453|-1.0,0.025624095191149585|-0.39066418006100534,0.039131182307951894|-0.6244856353455956,0.03799351235478475|-0.7933171786346073,0.011220772902238118|-0.9375117967987334,0.23897653601447877|-0.3322119055170614,0.3421313752728716|-0.47557326687308693,0.42599520971445765|-0.588501976773966,0.47119244089649126|-0.6995308417686754
0.0|0.0,-0.4058337381433283|-0.06904352431550803,-0.7316694120697904|-0.21622578617960922,-0.9324772362860723|-0.38112150807658146,-1.0|-0.522346454173356,-0.45155748362802284|-0.39956370862215884,-0.5924089907995514|-0.6353982820180646,-0.6761055878388991|-0.7878482394120724,-0.7549924029643049|-0.9209416852111818,-0.20378728665295792|-0.4209161065696484,-0.26991939106836965|-0.6794760491129979,-0.3117674613117305|-0.8491424384269436,-0.3555462926100566|-1.0,0.034844552961930814|-0.39392361816404536,0.026870404797820234|-0.634039855535845,0.010571019500275758|-0.7946895229382738,-0.024710454324649092|-0.9348554631213667,0.2574792451176262|-0.33725714709875515,0.34447580453703736|-0.5035815113566661,0.4055830907517048|-0.625872494985834,0.432503259785749|-0.7463712183106962
0.0|0.0,-0.4044439242920934|-0.13281314970669242,-0.7174929246544572|-0.28029955215294805,-0.9239108271186522|-0.4352752505084474,-1.0|-0.5749138727279796,-0.5010076611202071|-0.4514119656504608,-0.6373043345716445|-0.6719423157644032,-0.7029645868750279|-0.8060607223717342,-0.7606524319200338|-0.9248514024683995,-0.2818836968836305|-0.4680956338726099,-0.35928799722978655|-0.7097467875425593,-0.3965044957652493|-0.8601741392316675,-0.4336783632575104|-1.0,-0.06846424884302968|-0.44230493852129277,-0.09329964676561091|-0.6647246510744442,-0.11837112414441306|-0.8074437287880376,-0.1583751298537554|-0.9345853465783078,0.1427540699575419|-0.3861646213131106,0.20422240373930553|-0.5440519898217027,0.23572272286886006|-0.6516501842614313,0.2421270316607888|-0.7496086689725795
0.0|0.0,-0.408570794636914|-0.08884871836913155,-0.7242644598701843|-0.22154998087118108,-0.9291406489376314|-0.37847816581953325,-1.0|-0.514137016997322,-0.49147974403133043|-0.4086978739684101,-0.6359877580201521|-0.634698584467399,-0.7212361018662328|-0.7767060173798983,-0.8035009914031436|-0.9016346942121659,-0.2504820543704502|-0.43614144395256055,-0.32353728415410243|-0.6814895884571242,-0.37481246103944127|-0.8503071541782806,-0.4303156289510849|-1.0,-0.016575186394356574|-0.4119522326064382,-0.030494451312068353|-0.6420784828113898,-0.06582837631761528|-0.8008154342241898,-0.11849776890269458|-0.9402443023446466,0.2002299773544504|-0.36013007596873803,0.27744011960231174|-0.5262062086680876,0.31980411423499955|-0.649035634256982,0.3298193991005174|-0.7661660381483303
0.0|0.0,-0.3990487965877465|-0.07461234284292889,-0.7007967203183936|-0.20257182189413975,-0.9135677216873825|-0.34538768154377597,-1.0|-0.47423605598699703,-0.4679456786622758|-0.4009079779885602,-0.6143428070075299|-0.6391288947091824,-0.7043223043942983|-0.7925587628136892,-0.7966604769090124|-0.9231047567487157,-0.22726046604548136|-0.4324021879751597,-0.28423278153347026|-0.6766405241190607,-0.3350782496457844|-0.8498614225496544,-0.3984623500395414|-1.0,0.003558266732829867|-0.40672725543488203,-0.013487349970493546|-0.6413285754872159,-0.05213666322041092|-0.8117870699252182,-0.10926502688723931|-0.9587178811855352,0.21251598458115104|-0.3453346404607136,0.3018897020170263|-0.5116580642565286,0.35237612122227613|-0.6310227540149661,0.3665286323090619|-0.7434884449695714
0.0|0.0,-0.41117407128677463|-0.07435745221415083,-0.7028608108495197|-0.1787751835412634,-0.9075540058556435|-0.3150812923343504,-1.0|-0.4278448541909886,-0.458771356476406|-0.3770529141825638,-0.6127120240336582|-0.604411596768881,-0.69692400770452|-0.7530834019931966,-0.7723842086852057|-0.8880248075243031,-0.23440542128777286|-0.4069080788356797,-0.30805710858286656|-0.6539048979885884,-0.3618125412850646|-0.834814593201714,-0.4163144687170967|-1.0,-0.017168076760490637|-0.37779031954127346,-0.03026037909780036|-0.6118938702550372,-0.06418031840604278|-0.7841025597466648,-0.11137918373405344|-0.935997052895307,0.18107271292677146|-0.31353381069634156,0.2581817124415499|-0.47902122651525947,0.3017327357903426|-0.6041051834500315,0.3172876027189768|-0.7213343891065346
0.0|0.0,-0.40139731587027977|-0.11807721940320152,-0.7111721616384853|-0.2667185338984662,-0.9096450780346257|-0.41600246140255503,-1.0|-0.5449259803743008,-0.4589924626079665|-0.4410380227588098,-0.5904784092461844|-0.6568341148927913,-0.6536045979703953|-0.7965033604880285,-0.7008263887651187|-0.9268287151107528,-0.22423720081917473|-0.45455099449231395,-0.29460797668424343|-0.6928094468006921,-0.32532236121260266|-0.8524090885868951,-0.3495475103521382|-1.0,0.004330117571773269|-0.4210487490123118,-0.0021001324836050477|-0.6422237754900296,-0.008199385703822334|-0.7866334661400218,-0.01981779897289136|-0.9176335071481247,0.22814550960357613|-0.3596662627712176,0.3214042922651132|-0.5093854718142603,0.3735553897742347|-0.6210784856142888,0.40949400768421884|-0.7263833991868482
0.0|0.0,-0.40814125917241784|-0.06572177826552002,-0.7023611451767877|-0.2244209543350873,-0.8887154227131681|-0.37658485605685815,-1.0|-0.49412521756259425,-0.34859485647036587|-0.454830327447802,-0.4393084655144092|-0.6930555730125334,-0.4978751268555793|-0.8455452391112588,-0.5484836961046617|-0.9745784277222395,-0.10194350623195612|-0.4555263629097579,-0.11237907934914931|-0.7040899398149798,-0.12358377418694293|-0.8641018577223568,-0.14036448898859819|-1.0,0.12626602430676662|-0.40889672609891903,0.17653256166137493|-0.6331639674515851,0.2096457494661377|-0.7833434057233566,0.21951877012531418|-0.9169387379587205,0.33750762258580613|-0.33256380685654685,0.4737708791344793|-0.47081791996663647,0.5774875507141041|-0.5792344063227548,0.6426329255203048|-0.6822109778680092
0.0|0.0,-0.41681892470174015|-0.04704551750870287,-0.6909329270517005|-0.18795407025519173,-0.8723730140966096|-0.33711594150232904,-1.0|-0.4549986656054029,-0.3166371157727015|-0.4280020850159795,-0.41385692983850664|-0.667185185445682,-0.4739407952305443|-0.828105945069832,-0.5311567902730197|-0.9600540283282399,-0.05663638619513137|-0.4326474584178808,-0.07283886288580355|-0.6886247842598486,-0.09183670252555436|-0.863120127164093,-0.10403055578949075|-1.0,0.1782560664149774|-0.3897786155353228,0.23122835192480126|-0.6268923297904473,0.2642971308236165|-0.7892590417444738,0.27463371377951357|-0.9261973309763587,0.389491741136871|-0.31184332839822243,0.5247864972305325|-0.4604694880809061,0.6282649159206886|-0.5674271739007265,0.6951207923752839|-0.6685330607495351
0.0|0.0,-0.44416132363044714|-0.07009527345813606,-0.7243799779036495|-0.23126503342228444,-0.8874095312215615|-0.39338532027002054,-1.0|-0.5185539614355181,-0.313939606540414|-0.45702942270093916,-0.3915822335470548|-0.6777099359785029,-0.4387174421469156|-0.8284891750667829,-0.47781573124421317|-0.9460735052104275,-0.04148860830450833|-0.462462966739034,-0.03679566781085277|-0.7129739966230916,-0.05003012137127818|-0.8763550179666617,-0.05877920087362994|-1.0,0.20197007429644454|-0.41896141205044884,0.27520356714597916|-0.6454692913585668,0.30737592396810615|-0.7936934244851762,0.3177427877274031|-0.9151199310085755,0.4216859771024695|-0.3398187497511994,0.5692485257715103|-0.4781854254051082,0.6725020304933162|-0.5780769700790894,0.744394053640279|-0.6658656374275349
0.0|0.0,-0.4161428010067163|-0.07954407863373164,-0.715044596294548|-0.24578486892268883,-0.8887848466322553|-0.40609166647139794,-1.0|-0.530448983950705,-0.31409239468301076|-0.46894071616303523,-0.38659437019610676|-0.6934589813568285,-0.4166406561025083|-0.8332714596748535,-0.4311988333509603|-0.9479117415737998,-0.04744197924485958|-0.4723167563365253,-0.02589061461458363|-0.7222670954795598,-0.008079612102951963|-0.8734665858158795,0.012689715895851121|-1.0,0.19412995307780212|-0.429322741847557,0.2914911490994326|-0.6540154834101712,0.35930520409049443|-0.795264595413631,0.40839165288751655|-0.9162974726563199,0.4212258241479498|-0.34950433443552,0.5927326053814782|-0.485949916872665,0.7062388380285626|-0.5806718883298987,0.793056082215739|-0.6634553326207862
0.0|0.0,-0.4680091439625194|-0.05201717717036901,-0.7410106529718588|-0.1980582520976803,-0.9086786728099608|-0.3530133865314721,-1.0|-0.4701827848859092,-0.3127581558192917|-0.443305359737367,-0.3807369208543766|-0.6673714367943461,-0.41466526160184014|-0.8188261950151181,-0.43713904321520725|-0.9436674032545396,-0.019074843361612866|-0.44804510076298104,0.025065927477645227|-0.6959161966407927,0.048913385513794254|-0.8665072498641594,0.08199187340031525|-1.0,0.24894348052601917|-0.40317851638690244,0.38128724316911833|-0.6216851424535605,0.4541744289873644|-0.7773709820127074,0.5062615133532421|-0.9065058889131363,0.4862369736152864|-0.3207535867507854,0.6649890432388669|-0.447415363949188,0.8013350639542669|-0.5432772243658427,0.8977053499562534|-0.6284174379570937
0.0|0.0,-0.43799051159023744|-0.06084714696114221,-0.7350364360136048|-0.21460375732079737,-0.9104252694853262|-0.3747693928003016,-1.0|-0.5013278168284623,-0.3101328897483194|-0.44354134072048207,-0.3843855474504078|-0.6728392300539354,-0.4059643423034842|-0.821594183602712,-0.4054479409890757|-0.9475925020580767,-0.02435398752835099|-0.44709826546197484,0.015035544385435997|-0.6977983974279699,0.052854974820792024|-0.8626500273386951,0.10033742553511622|-1.0,0.2337463615069259|-0.4031390119583329,0.3655438653195651|-0.622643736895275,0.4512493010935448|-0.7642116921906759,0.5129174630949528|-0.886482756273735,0.4644825491649345|-0.3248229913777422,0.637814136393104|-0.46491516584510245,0.7560937212658891|-0.5635079554111759,0.8370517014308775|-0.6519199096393414
0.0|0.0,-0.45720205902317307|-0.0498633790214078,-0.7563268694527138|-0.20240885086012578,-0.927007876039722|-0.3668920135595975,-1.0|-0.4996730146095336,-0.32330271962802776|-0.4445311439502162,-0.3903394989151762|-0.6814388465292546,-0.40717069005075207|-0.8315843324040583,-0.3981460413689629|-0.9590246028572669,-0.03606860617992557|-0.4526318122341108,-0.01179216318339377|-0.7031077925207979,0.029434949128951705|-0.8647900173881246,0.0911856519557769|-1.0,0.21975369406540932|-0.4096810207189246,0.3416214379079989|-0.6300785928454747,0.4384744492817505|-0.7733406714974195,0.5232116115654879|-0.8971949990904247,0.45100347391139195|-0.33366878346844603,0.6196043225396777|-0.4742926320707936,0.7440891621390308|-0.5734163924858924,0.8393232679709939|-0.6637144099811344
0.0|0.0,-0.45268751421712894|-0.05204714892518198,-0.7584423254348499|-0.21130183081210918,-0.926705784670132|-0.380144366343029,-1.0|-0.5148596058957053,-0.3391779567742765|-0.45013413069169195,-0.4071408959275549|-0.6915964295003189,-0.41957473182315047|-0.8420787887675761,-0.4032097861885096|-0.9713139620926403,-0.052036928977699536|-0.4566533412890055,-0.035255183041267|-0.7068997171109268,0.0048438317558501575|-0.865576288066977,0.06645398077255467|-1.0,0.2064904048802841|-0.4129728951146128,0.3149536174263029|-0.6348286787800358,0.4028942424572097|-0.7744075319169103,0.47899020354454513|-0.8953452228091956,0.44430723786675486|-0.33615606700228257,0.597584724669256|-0.48254416573471115,0.7128787525567284|-0.5834302604363156,0.797417156819112|-0.6758933059288041
0.0|0.0,-0.4654122019946928|-0.05894007564603794,-0.7697403925064219|-0.22090047051798162,-0.9364746498476131|-0.3941581640532499,-1.0|-0.5377175338380771,-0.34537070785911517|-0.45526279089140087,-0.38005909356115575|-0.6955330275169249,-0.3674443471767246|-0.840846239740471,-0.33176878788860265|-0.9597308865524706,-0.06700828468553457|-0.46230886084479833,-0.05298439818677562|-0.7203232506268737,-0.006688511607728967|-0.8758906099511699,0.05612337297689859|-1.0,0.18478119552925323|-0.4191909936100532,0.27816033542005286|-0.6486916380334277,0.36298153793798416|-0.7919321188659272,0.43279578599134993|-0.9072736070954898,0.41398930805244427|-0.34470351376875824,0.5699782447743437|-0.4887336823296958,0.686646743764133|-0.5888556407402866,0.7702298736791877|-0.6708032688223572
0.0|0.0,-0.433824466712474|-0.048784242462824125,-0.7260842857897923|-0.2081553993639807,-0.8932043621491664|-0.37671690968313815,-1.0|-0.5047821050367443,-0.3471446737426709|-0.4461363805158566,-0.3794765971754316|-0.6909465151563379,-0.362467182391507|-0.8402396502183241,-0.3175496422542005|-0.968298190228992,-0.07929080653922634|-0.45546755713226095,-0.07125734912339066|-0.7125480221574693,-0.020638172847029415|-0.8681156023422949,0.050829706425922036|-1.0,0.16741988195210306|-0.4134472650880965,0.25083512513441286|-0.6397956713263713,0.32623378884536647|-0.7740526505144387,0.3959126060034848|-0.885596776884933,0.40019249739835366|-0.33998288901685153,0.5324920418270996|-0.48958728192900774,0.6336673241662406|-0.5926461354159734,0.7115950146105259|-0.6833241219528898
0.0|0.0,-0.43395417258169167|-0.04765977956833892,-0.6975924351542518|-0.20659644873319527,-0.8628543526822836|-0.37508802185206036,-1.0|-0.49537681411358203,-0.34537270977106693|-0.44412785358689766,-0.3762142154847482|-0.686679046328563,-0.3540690715262339|-0.8349561972564428,-0.3109744280220733|-0.9575554312216915,-0.0777993756571942|-0.45914481326319984,-0.050763442905983586|-0.7116137422689472,-0.001946470077180266|-0.8704884363750232,0.05842558998355102|-1.0,0.16575685045264632|-0.42146474501772335,0.2730127179135118|-0.6394791869332784,0.343527798510855|-0.7737933379306163,0.4011879277167316|-0.8839724247444344,0.3868605952233651|-0.3465986821377903,0.5330254637667855|-0.4800847082010847,0.6392981177026775|-0.5771934853660193,0.7157328799109121|-0.6641301023413525
0.0|0.0,-0.4371987994753051|-0.06923065560027722,-0.7401918237424433|-0.2541713359066642,-0.913032358560511|-0.4491202269630196,-1.0|-0.6072727712901956,-0.3637789437663967|-0.49054225007375724,-0.37776427227101633|-0.7342568819912936,-0.3462095072430706|-0.8756736118149451,-0.2986781930820121|-1.0,-0.08739003507471199|-0.494409016806802,-0.05420629206113836|-0.7413135722753215,0.0037311437778031254|-0.8719001956874892,0.07322648140755104|-0.978593782890701,0.15559903259381772|-0.45377544727250047,0.2627105730295426|-0.6607981620394173,0.3309088770388959|-0.7748935290180871,0.39555515355880005|-0.8713671739878845,0.37165426813619257|-0.38186142338541407,0.4933018528287898|-0.517820938356184,0.5884134930706056|-0.6134622241899937,0.6694342063989962|-0.6958056649661127
